Counter,coll.date,count.date,block,row.no,plant.no,total.berries,berry.no,mass,brix,big.seeds,med.seeds,lil.seeds,notes,total.seeds,big.med.seeds,percent.big.seeds,percent.big.med.seeds,percent.unfertilized
Elizabeth,7/20/2018,10/29/2018,A,2,12,7,1,1.5152,14,18,56,4,,78,74,0.230769231,0.948717949,0.051282051
Elizabeth,7/20/2018,10/29/2018,A,2,12,7,2,2.2875,15,28,69,4,,101,97,0.277227723,0.96039604,0.03960396
Elizabeth,7/20/2018,10/29/2018,A,2,12,7,3,1.7595,11,35,51,10,,96,86,0.364583333,0.895833333,0.104166667
Elizabeth,7/20/2018,10/29/2018,A,2,12,7,4,1.5272,9,38,55,3,,96,93,0.395833333,0.96875,0.03125
Elizabeth,7/20/2018,10/29/2018,A,2,12,7,5,2.1431,13,28,51,15,,94,79,0.29787234,0.840425532,0.159574468
Elizabeth,7/23/2018,9/11/2018,A,3,120,5,1,1.7267,12,21,48,9,,78,69,0.269230769,0.884615385,0.115384615
Elizabeth,7/23/2018,9/11/2018,A,3,120,5,2,2.1505,11,26,60,6,,92,86,0.282608696,0.934782609,0.065217391
Elizabeth,7/23/2018,9/11/2018,A,3,120,5,3,1.9097,12,27,34,14,,75,61,0.36,0.813333333,0.186666667
Elizabeth,7/23/2018,9/11/2018,A,3,120,5,4,1.5019,10,30,60,5,,95,90,0.315789474,0.947368421,0.052631579
Elizabeth,7/23/2018,9/11/2018,A,3,120,5,5,2.1062,12,22,49,11,,82,71,0.268292683,0.865853659,0.134146341
Elizabeth,7/23/2018,9/11/2018,A,2,98,1,1,1.8179,16,23,49,6,,78,72,0.294871795,0.923076923,0.076923077
Elizabeth,7/23/2018,9/11/2018,A,6,354,4,1,1.6827,10,29,34,16,,79,63,0.367088608,0.797468354,0.202531646
Elizabeth,7/23/2018,9/11/2018,A,6,354,4,2,1.4318,8,36,32,9,,77,68,0.467532468,0.883116883,0.116883117
Elizabeth,7/23/2018,9/11/2018,A,6,354,4,3,1.5683,9,34,33,12,,79,67,0.430379747,0.848101266,0.151898734
Elizabeth,7/23/2018,9/11/2018,A,6,354,4,4,1.2601,8,37,23,9,,69,60,0.536231884,0.869565217,0.130434783
Elizabeth,7/23/2018,9/11/2018,A,1,50,1,1,0.9872,9,21,37,3,,61,58,0.344262295,0.950819672,0.049180328
Elizabeth,7/23/2018,9/17/2018,A,2,92,3,1,1.7097,13,25,31,16,,72,56,0.347222222,0.777777778,0.222222222
Elizabeth,7/23/2018,9/17/2018,A,2,92,3,2,0.9406,18,0,1,6,,7,1,0,0.142857143,0.857142857
Elizabeth,7/23/2018,9/17/2018,A,2,92,3,3,1.1666,11,7,24,9,,40,31,0.175,0.775,0.225
Elizabeth,7/23/2018,9/17/2018,A,7,275,4,1,1.5831,13,22,45,7,,74,67,0.297297297,0.905405405,0.094594595
Elizabeth,7/23/2018,9/17/2018,A,7,275,4,2,1.2932,11,23,35,12,,70,58,0.328571429,0.828571429,0.171428571
Elizabeth,7/23/2018,9/17/2018,A,7,275,4,3,1.1861,14,6,22,7,,35,28,0.171428571,0.8,0.2
Elizabeth,7/23/2018,9/17/2018,A,7,275,4,4,1.1879,13,15,41,3,,59,56,0.254237288,0.949152542,0.050847458
Elizabeth,7/23/2018,9/17/2018,A,6,53,5,1,1.1662,9,33,49,14,,96,82,0.34375,0.854166667,0.145833333
Elizabeth,7/23/2018,9/17/2018,A,6,53,5,2,0.8728,8,26,54,6,,86,80,0.302325581,0.930232558,0.069767442
Elizabeth,7/23/2018,9/17/2018,A,6,53,5,3,1.2055,8,21,37,13,,71,58,0.295774648,0.816901408,0.183098592
Elizabeth,7/23/2018,9/17/2018,A,6,53,5,4,1.3523,9,20,60,14,,94,80,0.212765957,0.85106383,0.14893617
Elizabeth,7/23/2018,9/17/2018,A,6,53,5,5,1.4988,10,32,41,8,,81,73,0.395061728,0.901234568,0.098765432
Elizabeth,7/23/2018,9/17/2018,A,1,81,10,1,1.7709,8,30,125,6,,161,155,0.186335404,0.962732919,0.037267081
Elizabeth,7/23/2018,9/17/2018,A,1,81,10,2,1.7974,9,33,39,13,,85,72,0.388235294,0.847058824,0.152941176
Elizabeth,7/23/2018,9/17/2018,A,1,81,10,3,1.5022,8,19,55,22,,96,74,0.197916667,0.770833333,0.229166667
Elizabeth,7/23/2018,9/17/2018,A,1,81,10,4,1.4187,10,24,34,9,,67,58,0.358208955,0.865671642,0.134328358
Elizabeth,7/23/2018,9/17/2018,A,1,81,10,5,1.6715,9,28,36,13,,77,64,0.363636364,0.831168831,0.168831169
Elizabeth,7/23/2018,9/17/2018,A,1,100,1,1,1.4157,10,36,40,10,,86,76,0.418604651,0.88372093,0.11627907
Elizabeth,7/23/2018,9/17/2018,A,5,218,1,1,0.8379,9,7,58,5,,70,65,0.1,0.928571429,0.071428571
Elizabeth,7/23/2018,9/25/2018,A,5,158,3,1,1.5249,8,22,44,2,,68,66,0.323529412,0.970588235,0.029411765
Elizabeth,7/23/2018,9/25/2018,A,5,158,3,2,1.5722,10,32,40,3,,75,72,0.426666667,0.96,0.04
Elizabeth,7/23/2018,9/25/2018,A,5,158,3,3,1.2601,12,27,29,9,,65,56,0.415384615,0.861538462,0.138461538
Elizabeth,7/23/2018,9/25/2018,A,3,267,10,2,1.4001,9,29,48,6,,83,77,0.34939759,0.927710843,0.072289157
Elizabeth,7/23/2018,9/25/2018,A,3,267,10,2,1.212,9,27,29,12,,68,56,0.397058824,0.823529412,0.176470588
Elizabeth,7/23/2018,9/25/2018,A,3,267,10,3,1.6735,18,6,57,14,,77,63,0.077922078,0.818181818,0.181818182
Elizabeth,7/23/2018,9/25/2018,A,3,267,10,4,1.3152,8,31,28,10,,69,59,0.449275362,0.855072464,0.144927536
Elizabeth,7/23/2018,9/25/2018,A,3,267,10,5,1.3628,15,6,53,17,,76,59,0.078947368,0.776315789,0.223684211
Elizabeth,7/23/2018,9/25/2018,A,2,153,3,1,0.9712,10,15,38,8,,61,53,0.245901639,0.868852459,0.131147541
Elizabeth,7/23/2018,9/25/2018,A,2,153,3,2,1.1517,10,42,22,8,,72,64,0.583333333,0.888888889,0.111111111
Elizabeth,7/23/2018,9/25/2018,A,2,153,3,3,0.9356,9,20,30,4,,54,50,0.37037037,0.925925926,0.074074074
Elizabeth,7/25/2018,10/1/2018,A,2,33,1,1,1.6571,10,40,47,4,,91,87,0.43956044,0.956043956,0.043956044
Elizabeth,7/25/2018,10/1/2018,A,6,253,1,1,0.7694,8,14,68,11,,93,82,0.150537634,0.88172043,0.11827957
Elizabeth,7/25/2018,10/2/2018,A,3,92,1,1,1.1718,14,1,0,7,,8,1,0.125,0.125,0.875
Elizabeth,7/25/2018,10/2/2018,A,4,8,3,1,1.263,10,12,106,14,,132,118,0.090909091,0.893939394,0.106060606
Elizabeth,7/25/2018,10/2/2018,A,4,8,3,2,1.5103,9,17,82,6,,105,99,0.161904762,0.942857143,0.057142857
Elizabeth,7/25/2018,10/2/2018,A,4,8,3,3,1.5545,10,15,87,7,,109,102,0.137614679,0.935779817,0.064220183
Elizabeth,7/16/2018,10/2/2018,A,6,104,5,1,2.8372,13,29,12,1,,42,41,0.69047619,0.976190476,0.023809524
Elizabeth,7/16/2018,10/2/2018,A,6,104,5,2,1.6499,9,30,23,0,,53,53,0.566037736,1,0
Elizabeth,7/16/2018,10/2/2018,A,6,104,5,3,2.9251,14,31,24,0,,55,55,0.563636364,1,0
Elizabeth,7/16/2018,10/2/2018,A,6,104,5,4,1.7963,10,31,16,4,,51,47,0.607843137,0.921568627,0.078431373
Elizabeth,7/16/2018,10/2/2018,A,6,104,5,5,1.9148,11,33,17,6,,56,50,0.589285714,0.892857143,0.107142857
Elizabeth,7/16/2018,10/9/2018,A,5,218,5,1,1.9898,13,45,30,2,,77,75,0.584415584,0.974025974,0.025974026
Elizabeth,7/16/2018,10/9/2018,A,5,218,5,2,1.2409,9,22,45,8,,75,67,0.293333333,0.893333333,0.106666667
Elizabeth,7/16/2018,10/9/2018,A,5,218,5,3,2.5062,15,33,33,4,,70,66,0.471428571,0.942857143,0.057142857
Elizabeth,7/16/2018,10/9/2018,A,5,218,5,4,1.5251,10,32,21,7,,60,53,0.533333333,0.883333333,0.116666667
Elizabeth,7/16/2018,10/9/2018,A,5,218,5,5,2.5754,19,17,21,6,,44,38,0.386363636,0.863636364,0.136363636
Elizabeth,7/16/2018,10/9/2018,A,5,169,5,1,2.3888,13,46,27,7,,80,73,0.575,0.9125,0.0875
Elizabeth,7/16/2018,10/9/2018,A,5,169,5,2,1.7117,9,47,29,6,,82,76,0.573170732,0.926829268,0.073170732
Elizabeth,7/16/2018,10/9/2018,A,5,169,5,3,1.6751,9,44,25,15,,84,69,0.523809524,0.821428571,0.178571429
Elizabeth,7/16/2018,10/9/2018,A,5,169,5,4,2.0478,12,49,27,12,,88,76,0.556818182,0.863636364,0.136363636
Elizabeth,7/16/2018,10/9/2018,A,5,169,5,5,2.1103,13,5,45,7,,57,50,0.087719298,0.877192982,0.122807018
Elizabeth,7/16/2018,10/9/2018,A,5,355,5,1,1.3004,10,23,26,11,,60,49,0.383333333,0.816666667,0.183333333
Elizabeth,7/16/2018,10/9/2018,A,5,355,5,2,1.2227,10,30,22,9,,61,52,0.491803279,0.852459016,0.147540984
Elizabeth,7/16/2018,10/9/2018,A,5,355,5,3,1.3667,10,23,32,5,,60,55,0.383333333,0.916666667,0.083333333
Elizabeth,7/16/2018,10/9/2018,A,5,355,5,4,1.392,11,30,16,10,,56,46,0.535714286,0.821428571,0.178571429
Elizabeth,7/16/2018,10/9/2018,A,5,355,5,5,1.7459,11,29,21,7,,57,50,0.50877193,0.877192982,0.122807018
Elizabeth,7/16/2018,10/9/2018,A,6,354,4,1,1.9119,10,37,33,4,,74,70,0.5,0.945945946,0.054054054
Elizabeth,7/16/2018,10/9/2018,A,6,354,4,2,2.267,12,38,18,3,,59,56,0.644067797,0.949152542,0.050847458
Elizabeth,7/16/2018,10/9/2018,A,6,354,4,3,2.6123,13,31,30,4,,65,61,0.476923077,0.938461538,0.061538462
Elizabeth,7/16/2018,10/9/2018,A,6,354,4,4,1.7049,10,31,40,2,,73,71,0.424657534,0.97260274,0.02739726
Elizabeth,7/16/2018,10/16/2018,A,5,88,4,1,2.1941,11,51,27,2,,80,78,0.6375,0.975,0.025
Elizabeth,7/16/2018,10/16/2018,A,5,88,4,2,1.8576,11,33,30,10,,73,63,0.452054795,0.863013699,0.136986301
Elizabeth,7/16/2018,10/16/2018,A,5,88,4,3,2.1048,11,43,27,7,,77,70,0.558441558,0.909090909,0.090909091
Elizabeth,7/16/2018,10/16/2018,A,5,88,4,4,2.139,11,38,30,9,,77,68,0.493506494,0.883116883,0.116883117
Elizabeth,7/16/2018,10/16/2018,A,6,253,4,1,1.4643,10,17,50,8,,75,67,0.226666667,0.893333333,0.106666667
Elizabeth,7/16/2018,10/16/2018,A,6,253,4,2,1.4904,9,38,29,12,,79,67,0.481012658,0.848101266,0.151898734
Elizabeth,7/16/2018,10/16/2018,A,6,253,4,3,2.0386,13,38,36,7,,81,74,0.469135802,0.913580247,0.086419753
Elizabeth,7/16/2018,10/16/2018,A,6,253,4,4,2.1409,14,37,38,13,,88,75,0.420454545,0.852272727,0.147727273
Elizabeth,7/19/2018,10/29/2018,A,6,156,2,1,2.2366,10,40,50,3,,93,90,0.430107527,0.967741935,0.032258065
Elizabeth,7/19/2018,10/29/2018,A,6,156,2,2,2.1132,11,32,44,6,,82,76,0.390243902,0.926829268,0.073170732
Elizabeth,7/19/2018,10/29/2018,A,6,354,3,1,1.6821,10,27,35,12,,74,62,0.364864865,0.837837838,0.162162162
Elizabeth,7/19/2018,10/29/2018,A,6,354,3,2,1.7125,11,31,21,10,,62,52,0.5,0.838709677,0.161290323
Elizabeth,7/19/2018,10/29/2018,A,6,354,3,3,1.6551,10,20,36,12,,68,56,0.294117647,0.823529412,0.176470588
Elizabeth,7/20/2018,10/30/2018,A,1,57,2,1,1.5589,13,13,62,21,,96,75,0.135416667,0.78125,0.21875
Elizabeth,7/20/2018,10/30/2018,A,1,57,2,2,1.3483,13,6,89,9,,104,95,0.057692308,0.913461538,0.086538462
Elizabeth,7/16/2018,12/3/2018,A,4,74,1,1,1.0632,13,5,69,7,,81,74,0.061728395,0.913580247,0.086419753
Elizabeth,7/16/2018,12/3/2018,A,4,163,13,1,1.2456,12,45,25,7,,77,70,0.584415584,0.909090909,0.090909091
Elizabeth,7/16/2018,12/3/2018,A,4,163,13,2,1.0815,11,34,38,18,,90,72,0.377777778,0.8,0.2
Elizabeth,7/16/2018,12/3/2018,A,4,163,13,3,1.6386,12,33,20,10,,63,53,0.523809524,0.841269841,0.158730159
Elizabeth,7/16/2018,12/3/2018,A,4,163,13,4,1.094,14,29,24,10,,63,53,0.46031746,0.841269841,0.158730159
Elizabeth,7/16/2018,12/3/2018,A,4,163,13,5,1.0749,10,49,22,15,,86,71,0.569767442,0.825581395,0.174418605
Elizabeth,7/18/2018,12/3/2018,A,5,169,5,1,1.5986,9,45,23,7,,75,68,0.6,0.906666667,0.093333333
Elizabeth,7/18/2018,12/3/2018,A,5,169,5,2,1.6848,10,34,33,2,,69,67,0.492753623,0.971014493,0.028985507
Elizabeth,7/18/2018,12/3/2018,A,5,169,5,3,1.6574,9,38,30,4,,72,68,0.527777778,0.944444444,0.055555556
Elizabeth,7/18/2018,12/3/2018,A,5,169,5,4,1.5297,8,23,42,6,,71,65,0.323943662,0.915492958,0.084507042
Elizabeth,7/18/2018,12/3/2018,A,5,169,5,5,1.5099,9,37,24,14,,75,61,0.493333333,0.813333333,0.186666667
Elizabeth,7/16/2018,12/3/2018,A,3,68,6,1,1.5325,11,36,28,7,,71,64,0.507042254,0.901408451,0.098591549
Elizabeth,7/16/2018,12/3/2018,A,3,68,6,2,1.4887,11,35,30,8,,73,65,0.479452055,0.890410959,0.109589041
Elizabeth,7/16/2018,12/3/2018,A,3,68,6,3,1.2503,9,37,31,6,,74,68,0.5,0.918918919,0.081081081
Elizabeth,7/16/2018,12/3/2018,A,3,68,6,4,1.4056,10,23,34,7,,64,57,0.359375,0.890625,0.109375
Elizabeth,7/16/2018,12/3/2018,A,3,68,6,5,1.2984,11,35,39,1,,75,74,0.466666667,0.986666667,0.013333333
Elizabeth,7/19/2018,12/3/2018,A,3,92,7,1,1.3804,9,32,39,7,,78,71,0.41025641,0.91025641,0.08974359
Elizabeth,7/19/2018,12/3/2018,A,3,92,7,2,1.9928,10,26,51,3,,80,77,0.325,0.9625,0.0375
Elizabeth,7/19/2018,12/3/2018,A,3,92,7,3,1.6571,10,30,46,2,,78,76,0.384615385,0.974358974,0.025641026
Elizabeth,7/19/2018,12/3/2018,A,3,92,7,4,2.1893,12,25,47,5,,77,72,0.324675325,0.935064935,0.064935065
Elizabeth,7/19/2018,12/3/2018,A,3,92,7,5,1.5627,13,18,29,14,,61,47,0.295081967,0.770491803,0.229508197
Elizabeth,7/19/2018,12/3/2018,A,3,34,3,1,1.5366,10,31,23,16,,70,54,0.442857143,0.771428571,0.228571429
Elizabeth,7/19/2018,12/3/2018,A,3,34,3,2,1.6586,10,27,37,6,,70,64,0.385714286,0.914285714,0.085714286
Elizabeth,7/19/2018,12/3/2018,A,3,34,3,3,1.6658,10,40,23,7,,70,63,0.571428571,0.9,0.1
Elizabeth,7/16/2018,12/3/2018,A,1,105,2,1,1.7749,12,34,29,11,,74,63,0.459459459,0.851351351,0.148648649
Elizabeth,7/16/2018,12/3/2018,A,1,105,2,2,1.738,12,35,28,8,,71,63,0.492957746,0.887323944,0.112676056
Erin,7/19/2018,3/19/2018,A,2,84,3,1,1.8774,9,31,69,18,,118,100,0.262711864,0.847457627,0.152542373
Erin,7/19/2018,3/19/2018,A,2,84,3,2,1.3212,9,10,66,18,,94,76,0.106382979,0.808510638,0.191489362
Erin,7/19/2018,3/19/2018,A,2,84,3,3,1.9519,14,14,55,21,,90,69,0.155555556,0.766666667,0.233333333
Erin,7/19/2018,3/19/2018,A,2,33,1,1,2.1612,10,39,45,16,,100,84,0.39,0.84,0.16
Erin/Laney,7/18/2018,3/8/2019,A,6,156,8,1,1.682,13,16,32,8,,56,48,0.285714286,0.857142857,0.142857143
Erin/Laney,7/18/2018,3/8/2019,A,6,156,8,2,1.7309,16,28,34,5,,67,62,0.417910448,0.925373134,0.074626866
Erin/Laney,7/18/2018,3/8/2019,A,6,156,8,3,2.0192,16,26,30,14,,70,56,0.371428571,0.8,0.2
Erin/Laney,7/18/2018,3/8/2019,A,6,156,8,4,1.9395,13,42,39,9,,90,81,0.466666667,0.9,0.1
Erin/Laney,7/18/2018,3/8/2019,A,6,156,8,5,1.787,12,21,40,4,,65,61,0.323076923,0.938461538,0.061538462
Erin/Laney,7/16/2018,3/8/2019,A,1,46,3,1,1.4682,7,34,34,1,not a very bright color inside,69,68,0.492753623,0.985507246,0.014492754
Erin/Laney,7/16/2018,3/8/2019,A,1,46,3,2,2.1939,19,21,38,11,,70,59,0.3,0.842857143,0.157142857
Erin/Laney,7/16/2018,3/8/2019,A,1,46,3,3,2.2801,14,44,21,7,,72,65,0.611111111,0.902777778,0.097222222
Erin/Laney,7/16/2018,3/18/2019,A,1,81,6,1,2.1757,15,34,43,14,,91,77,0.373626374,0.846153846,0.153846154
Erin/Laney,7/16/2018,3/18/2019,A,1,81,6,2,1.8479,15,42,28,12,,82,70,0.512195122,0.853658537,0.146341463
Erin/Laney,7/16/2018,3/18/2019,A,1,81,6,3,2.3842,16,37,25,15,,77,62,0.480519481,0.805194805,0.194805195
Erin/Laney,7/16/2018,3/18/2019,A,1,81,6,4,2.4549,17,49,45,21,,115,94,0.426086957,0.817391304,0.182608696
Erin/Laney,7/16/2018,3/18/2019,A,1,81,6,5,1.4885,9,53,25,7,,85,78,0.623529412,0.917647059,0.082352941
Erin/Laney,7/16/2018,3/18/2019,A,4,31,17,1,1.8453,17,46,13,14,,73,59,0.630136986,0.808219178,0.191780822
Erin/Laney,7/16/2018,3/18/2019,A,4,31,17,2,1.7211,17,49,18,20,,87,67,0.563218391,0.770114943,0.229885057
Erin/Laney,7/16/2018,3/18/2019,A,4,31,17,3,1.5829,16,50,6,16,,72,56,0.694444444,0.777777778,0.222222222
Erin/Laney,7/16/2018,3/18/2019,A,4,31,17,4,1.4484,16,45,22,10,,77,67,0.584415584,0.87012987,0.12987013
Erin/Laney,7/16/2018,3/18/2019,A,4,31,17,5,2.0161,13,56,29,10,,95,85,0.589473684,0.894736842,0.105263158
Erin/Laney,7/16/2018,3/18/2019,A,1,100,5,1,1.7624,12,66,34,23,,123,100,0.536585366,0.81300813,0.18699187
Erin/Laney,7/16/2018,3/18/2019,A,1,100,5,2,1.7043,13,60,26,22,,108,86,0.555555556,0.796296296,0.203703704
Erin/Laney,7/16/2018,3/18/2019,A,1,100,5,3,1.0581,11,29,44,14,,87,73,0.333333333,0.83908046,0.16091954
Erin/Laney,7/16/2018,3/18/2019,A,1,100,5,4,2.2823,15,53,16,13,,82,69,0.646341463,0.841463415,0.158536585
Erin/Laney,7/16/2018,3/18/2019,A,1,100,5,5,1.5639,13,31,34,21,,86,65,0.360465116,0.755813953,0.244186047
Erin/Laney,7/16/2018,3/18/2019,A,1,50,7,1,1.4756,14,22,26,20,,68,48,0.323529412,0.705882353,0.294117647
Erin/Laney,7/16/2018,3/18/2019,A,1,50,7,2,1.5973,13,36,18,7,,61,54,0.590163934,0.885245902,0.114754098
Erin/Laney,7/16/2018,3/18/2019,A,1,50,7,3,1.3126,10,25,35,7,,67,60,0.373134328,0.895522388,0.104477612
Erin/Laney,7/16/2018,3/18/2019,A,1,50,7,4,1.4723,13,34,21,16,,71,55,0.478873239,0.774647887,0.225352113
Erin/Laney,7/16/2018,3/18/2019,A,1,50,7,5,1.1079,12,11,21,13,,45,32,0.244444444,0.711111111,0.288888889
Erin/Laney,7/16/2018,3/18/2019,A,3,34,8,1,1.4703,11,43,15,15,,73,58,0.589041096,0.794520548,0.205479452
Erin/Laney,7/16/2018,3/18/2019,A,3,34,8,2,1.5656,14,39,26,9,,74,65,0.527027027,0.878378378,0.121621622
Erin/Laney,7/16/2018,3/18/2019,A,3,34,8,3,1.309,10,45,21,19,,85,66,0.529411765,0.776470588,0.223529412
Erin/Laney,7/16/2018,3/18/2019,A,3,34,8,4,2.0637,15,45,28,6,,79,73,0.569620253,0.924050633,0.075949367
Erin/Laney,7/16/2018,3/18/2019,A,3,34,8,5,1.7518,15,38,30,13,,81,68,0.469135802,0.839506173,0.160493827
Erin/Laney,7/16/2018,3/18/2019,A,4,140,5,1,1.3591,15,37,28,10,,75,65,0.493333333,0.866666667,0.133333333
Erin/Laney,7/16/2018,3/18/2019,A,4,140,5,2,1.5222,15,37,47,3,,87,84,0.425287356,0.965517241,0.034482759
Erin/Laney,7/16/2018,3/18/2019,A,4,140,5,3,1.566,15,28,50,13,,91,78,0.307692308,0.857142857,0.142857143
Erin/Laney,7/16/2018,3/18/2019,A,4,140,5,4,1.607,15,45,36,6,,87,81,0.517241379,0.931034483,0.068965517
Erin/Laney,7/16/2018,3/18/2019,A,4,140,5,5,1.3514,15,27,53,13,,93,80,0.290322581,0.860215054,0.139784946
Erin/Meg,7/18/2018,3/7/2019,A,5,88,2,1,2.4284,17.5,27,31,5,,63,58,0.428571429,0.920634921,0.079365079
Erin/Meg,7/18/2018,3/7/2019,A,5,88,2,2,2.0569,15,49,34,2,,85,83,0.576470588,0.976470588,0.023529412
Erin/Meg,7/18/2018,3/7/2019,A,6,253,5,1,1.1105,10,35,30,9,,74,65,0.472972973,0.878378378,0.121621622
Erin/Meg,7/18/2018,3/7/2019,A,6,253,5,2,1.1454,9,45,24,18,,87,69,0.517241379,0.793103448,0.206896552
Erin/Meg,7/18/2018,3/7/2019,A,6,253,5,3,1.2681,10,44,21,10,,75,65,0.586666667,0.866666667,0.133333333
Erin/Meg,7/18/2018,3/7/2019,A,6,253,5,4,1.0422,14,16,67,45,,128,83,0.125,0.6484375,0.3515625
Erin/Meg,7/18/2018,3/7/2019,A,6,253,5,5,1.2842,9,47,28,9,,84,75,0.55952381,0.892857143,0.107142857
Erin/Meg,7/18/2018,3/7/2019,A,5,158,2,1,1.3514,11,28,27,9,,64,55,0.4375,0.859375,0.140625
Erin/Meg,7/18/2018,3/7/2019,A,5,158,2,2,1.8727,12,32,28,4,,64,60,0.5,0.9375,0.0625
Erin/Meg,7/16/2018,3/21/2019,A,2,98,3,1,1.3043,14,39,36,19,,94,75,0.414893617,0.79787234,0.20212766
Erin/Meg,7/16/2018,3/21/2019,A,2,98,3,2,1.2055,11,33,34,19,,86,67,0.38372093,0.779069767,0.220930233
Erin/Meg,7/16/2018,3/21/2019,A,2,98,3,3,1.1925,12,34,33,19,,86,67,0.395348837,0.779069767,0.220930233
Erin/Meg,7/16/2018,3/21/2019,A,2,33,2,1,2.0699,8,41,41,13,,95,82,0.431578947,0.863157895,0.136842105
Erin/Meg,7/16/2018,3/21/2019,A,2,33,2,2,1.9579,8,44,30,19,,93,74,0.47311828,0.795698925,0.204301075
Erin/Meg,7/16/2018,3/21/2019,A,1,57,2,1,1.2115,14,26,21,17,,64,47,0.40625,0.734375,0.265625
Erin/Meg,7/16/2018,3/21/2019,A,1,57,2,2,1.1232,15,24,23,14,,61,47,0.393442623,0.770491803,0.229508197
Erin/Meg,7/16/2018,3/21/2019,A,4,144,1,1,2.8347,19,40,35,8,,83,75,0.481927711,0.903614458,0.096385542
Erin/Meg,7/16/2018,3/21/2019,A,1,148,1,1,0.9618,11,36,19,7,,62,55,0.580645161,0.887096774,0.112903226
Erin/Meg,7/16/2018,3/21/2019,A,2,154,1,1,1.4877,14,39,49,8,,96,88,0.40625,0.916666667,0.083333333
Erin/Meg,7/18/2018,3/21/2019,A,5,225,1,1,1.7534,24,27,44,8,,79,71,0.341772152,0.898734177,0.101265823
Erin/Meg,7/19/2018,3/21/2019,A,2,154,3,1,1.1393,9,20,71,10,,101,91,0.198019802,0.900990099,0.099009901
Erin/Meg,7/19/2018,3/21/2019,A,2,154,3,2,1.2863,14,25,39,22,,86,64,0.290697674,0.744186047,0.255813953
Erin/Meg,7/19/2018,3/21/2019,A,2,154,3,3,1.7643,12,39,40,14,,93,79,0.419354839,0.849462366,0.150537634
Erin/Meg,7/16/2018,3/21/2019,A,2,226,1,1,2.0601,16,30,31,8,,69,61,0.434782609,0.884057971,0.115942029
Erin/Ryan,7/16/2018,3/7/2019,A,3,120,5,1,1.4165,10,52,19,20,,91,71,0.571428571,0.78021978,0.21978022
Erin/Ryan,7/16/2018,3/7/2019,A,3,120,5,2,0.9993,9,38,14,10,,62,52,0.612903226,0.838709677,0.161290323
Erin/Ryan,7/16/2018,3/7/2019,A,3,120,5,3,1.2318,9,32,44,14,,90,76,0.355555556,0.844444444,0.155555556
Erin/Ryan,7/16/2018,3/7/2019,A,3,120,5,4,1.4831,15,44,31,7,,82,75,0.536585366,0.914634146,0.085365854
Erin/Ryan,7/16/2018,3/7/2019,A,3,120,5,5,1.4621,14,22,44,22,,88,66,0.25,0.75,0.25
Erin/Ryan,7/16/2018,3/20/2018,A,1,63,5,1,1.3582,13,41,17,19,,77,58,0.532467532,0.753246753,0.246753247
Erin/Ryan,7/16/2018,3/20/2018,A,1,63,5,2,1.2602,14,36,25,12,,73,61,0.493150685,0.835616438,0.164383562
Erin/Ryan,7/16/2018,3/20/2018,A,1,63,5,3,1.3895,14,42,15,5,,62,57,0.677419355,0.919354839,0.080645161
Erin/Ryan,7/16/2018,3/20/2018,A,1,63,5,4,1.34,15,40,29,5,,74,69,0.540540541,0.932432432,0.067567568
Erin/Ryan,7/16/2018,3/20/2018,A,1,63,5,5,1.4704,14,32,29,14,,75,61,0.426666667,0.813333333,0.186666667
Erin/Ryan,7/16/2018,3/20/2018,A,2,118,4,1,1.9787,17,45,15,7,,67,60,0.671641791,0.895522388,0.104477612
Erin/Ryan,7/16/2018,3/20/2018,A,2,118,4,2,1.6266,11,27,42,8,,77,69,0.350649351,0.896103896,0.103896104
Erin/Ryan,7/16/2018,3/20/2018,A,2,118,4,3,1.4339,10,29,27,19,,75,56,0.386666667,0.746666667,0.253333333
Erin/Ryan,7/16/2018,3/20/2018,A,2,118,4,4,2.1443,15,27,29,18,,74,56,0.364864865,0.756756757,0.243243243
Erin/Ryan,7/19/2018,3/20/2018,A,3,120,3,1,2.207,14,38,36,17,,91,74,0.417582418,0.813186813,0.186813187
Erin/Ryan,7/19/2018,3/20/2018,A,3,120,3,2,2.483,14,48,38,14,,100,86,0.48,0.86,0.14
Erin/Ryan,7/19/2018,3/20/2018,A,3,120,3,3,2.0684,13,31,28,14,,73,59,0.424657534,0.808219178,0.191780822
Erin/Ryan,7/16/2018,3/20/2018,A,3,92,2,1,2.1124,11,30,52,7,,89,82,0.337078652,0.921348315,0.078651685
Erin/Ryan,7/16/2018,3/20/2018,A,3,92,2,2,2.3546,14,17,51,13,,81,68,0.209876543,0.839506173,0.160493827
Meg,7/18/2018,3/21/2019,A,5,32,4,1,1.9268,11,35,8,4,,47,43,0.744680851,0.914893617,0.085106383
Meg,7/18/2018,3/21/2019,A,5,32,4,2,1.5428,9,13,32,12,,57,45,0.228070175,0.789473684,0.210526316
Meg,7/18/2018,3/21/2019,A,5,32,4,3,1.7522,13,27,19,5,,51,46,0.529411765,0.901960784,0.098039216
Meg,7/18/2018,3/21/2019,A,5,32,4,4,1.526,10,28,23,9,,60,51,0.466666667,0.85,0.15
braden,7/26/2018,8/22/2018,C,2,271,5,1,1.4306,10,15,30,19,,64,45,0.234375,0.703125,0.296875
braden,7/26/2018,8/22/2018,C,2,271,5,2,1.2154,10,26,19,9,,54,45,0.481481481,0.833333333,0.166666667
braden,7/26/2018,8/22/2018,C,2,271,5,3,1.4385,10,42,17,10,,69,59,0.608695652,0.855072464,0.144927536
braden,7/26/2018,8/22/2018,C,2,271,5,4,1.1942,8,20,24,22,,66,44,0.303030303,0.666666667,0.333333333
braden,7/26/2018,8/22/2018,C,2,271,5,5,1.3759,10,36,24,16,,76,60,0.473684211,0.789473684,0.210526316
Elizabeth,7/26/2018,9/10/2018,C,4,235,1,1,1.5902,10,12,91,8,,111,103,0.108108108,0.927927928,0.072072072
Elizabeth,7/26/2018,9/10/2018,C,1,91,2,1,1.0149,8,14,54,7,,75,68,0.186666667,0.906666667,0.093333333
Elizabeth,7/26/2018,9/10/2018,C,1,91,2,2,1.2778,11,37,39,5,,81,76,0.456790123,0.938271605,0.061728395
Elizabeth,7/26/2018,9/10/2018,C,2,229,1,1,1.6322,13,19,96,10,,125,115,0.152,0.92,0.08
Elizabeth,7/26/2018,9/10/2018,C,6,223,2,1,1.568,10,22,73,4,,99,95,0.222222222,0.95959596,0.04040404
Elizabeth,7/26/2018,9/10/2018,C,6,223,2,2,1.5047,9,18,90,14,,122,108,0.147540984,0.885245902,0.114754098
Elizabeth,7/23/2018,9/10/2018,C,2,271,6,1,1.3038,10,46,27,8,,81,73,0.567901235,0.901234568,0.098765432
Elizabeth,7/23/2018,9/10/2018,C,2,271,6,2,1.2158,9,51,22,14,,87,73,0.586206897,0.83908046,0.16091954
Elizabeth,7/23/2018,9/10/2018,C,2,271,6,3,1.5068,12,50,26,13,,89,76,0.561797753,0.853932584,0.146067416
Elizabeth,7/23/2018,9/10/2018,C,2,271,6,4,1.4276,8,46,34,10,,90,80,0.511111111,0.888888889,0.111111111
Elizabeth,7/23/2018,9/10/2018,C,2,271,6,5,1.4812,9,47,30,12,,89,77,0.528089888,0.865168539,0.134831461
Elizabeth,7/23/2018,9/10/2018,C,6,322,5,1,1.3892,8,10,41,18,,69,51,0.144927536,0.739130435,0.260869565
Elizabeth,7/23/2018,9/10/2018,C,6,322,5,2,1.4283,9,10,36,24,,70,46,0.142857143,0.657142857,0.342857143
Elizabeth,7/23/2018,9/10/2018,C,6,322,5,3,1.5022,8,18,23,10,,51,41,0.352941176,0.803921569,0.196078431
Elizabeth,7/23/2018,9/10/2018,C,6,322,5,4,1.9867,9,12,30,18,,60,42,0.2,0.7,0.3
Elizabeth,7/23/2018,9/10/2018,C,6,322,5,5,1.5245,7,19,48,5,,72,67,0.263888889,0.930555556,0.069444444
Elizabeth,7/23/2018,9/11/2018,C,1,292,4,1,0.956,13,29,21,5,,55,50,0.527272727,0.909090909,0.090909091
Elizabeth,7/23/2018,9/11/2018,C,1,292,4,2,1.1764,8,38,35,7,,80,73,0.475,0.9125,0.0875
Elizabeth,7/23/2018,9/11/2018,C,1,292,4,3,2.2119,15,29,48,11,,88,77,0.329545455,0.875,0.125
Elizabeth,7/23/2018,9/11/2018,C,1,292,4,4,1.7035,14,20,51,9,,80,71,0.25,0.8875,0.1125
Elizabeth,7/23/2018,9/11/2018,C,4,235,4,1,1.2008,14,4,49,40,,93,53,0.043010753,0.569892473,0.430107527
Elizabeth,7/23/2018,9/11/2018,C,4,235,4,2,1.9003,12,8,60,15,,83,68,0.096385542,0.819277108,0.180722892
Elizabeth,7/23/2018,9/11/2018,C,4,235,4,3,1.8789,10,22,76,12,,110,98,0.2,0.890909091,0.109090909
Elizabeth,7/23/2018,9/11/2018,C,4,235,4,4,1.7904,10,22,88,11,,121,110,0.181818182,0.909090909,0.090909091
Elizabeth,7/23/2018,9/17/2018,C,1,28,4,1,2.2083,11,21,79,12,,112,100,0.1875,0.892857143,0.107142857
Elizabeth,7/23/2018,9/17/2018,C,1,28,4,2,1.4776,12,13,64,13,,90,77,0.144444444,0.855555556,0.144444444
Elizabeth,7/23/2018,9/17/2018,C,1,28,4,3,1.9091,11,10,70,22,,102,80,0.098039216,0.784313725,0.215686275
Elizabeth,7/23/2018,9/17/2018,C,1,28,4,4,1.6853,9,30,62,15,,107,92,0.280373832,0.859813084,0.140186916
Elizabeth,7/23/2018,9/17/2018,C,1,256,1,1,2.118,10,24,83,9,,116,107,0.206896552,0.922413793,0.077586207
Elizabeth,7/23/2018,9/17/2018,C,1,13,1,1,1.3583,16,13,79,15,,107,92,0.121495327,0.859813084,0.140186916
Elizabeth,7/23/2018,9/25/2018,C,2,70,2,1,1.1004,13,10,44,8,,62,54,0.161290323,0.870967742,0.129032258
Elizabeth,7/23/2018,9/25/2018,C,2,70,2,2,1.408,13,17,18,3,,38,35,0.447368421,0.921052632,0.078947368
Elizabeth,7/23/2018,9/25/2018,C,1,61,1,1,1.2826,8,16,78,11,,105,94,0.152380952,0.895238095,0.104761905
Elizabeth,7/23/2018,9/25/2018,C,4,294,6,1,2.0127,9,18,76,9,,103,94,0.174757282,0.912621359,0.087378641
Elizabeth,7/23/2018,9/25/2018,C,4,294,6,2,1.6647,9,32,51,12,,95,83,0.336842105,0.873684211,0.126315789
Elizabeth,7/23/2018,9/25/2018,C,4,294,6,3,1.2431,8,23,67,7,,97,90,0.237113402,0.927835052,0.072164948
Elizabeth,7/23/2018,9/25/2018,C,4,294,6,4,1.6929,10,8,68,17,,93,76,0.086021505,0.817204301,0.182795699
Elizabeth,7/23/2018,9/25/2018,C,4,294,6,5,1.126,8,3,32,22,,57,35,0.052631579,0.614035088,0.385964912
Elizabeth,7/25/2018,10/1/2018,C,6,26,4,1,1.2116,8,34,43,11,,88,77,0.386363636,0.875,0.125
Elizabeth,7/25/2018,10/1/2018,C,6,26,4,2,1.6285,10,37,42,15,,94,79,0.393617021,0.840425532,0.159574468
Elizabeth,7/25/2018,10/1/2018,C,6,26,4,3,1.3404,9,40,41,11,,92,81,0.434782609,0.880434783,0.119565217
Elizabeth,7/25/2018,10/1/2018,C,6,26,4,4,1.6997,9,38,46,7,,91,84,0.417582418,0.923076923,0.076923077
Elizabeth,7/25/2018,10/1/2018,C,5,1,2,1,1.5222,9,26,81,5,,112,107,0.232142857,0.955357143,0.044642857
Elizabeth,7/25/2018,10/1/2018,C,5,1,2,2,1.3369,10,12,88,4,,104,100,0.115384615,0.961538462,0.038461538
Elizabeth,7/25/2018,10/2/2018,C,1,13,3,1,1.7072,10,20,73,8,,101,93,0.198019802,0.920792079,0.079207921
Elizabeth,7/25/2018,10/2/2018,C,1,13,3,2,1.3521,9,22,86,9,,117,108,0.188034188,0.923076923,0.076923077
Elizabeth,7/25/2018,10/2/2018,C,1,13,3,3,1.7677,10,12,75,16,,103,87,0.116504854,0.844660194,0.155339806
Elizabeth,7/16/2018,10/9/2018,C,6,367,5,1,1.635,8,40,27,1,,68,67,0.588235294,0.985294118,0.014705882
Elizabeth,7/16/2018,10/9/2018,C,6,367,5,2,1.6707,9,40,37,8,,85,77,0.470588235,0.905882353,0.094117647
Elizabeth,7/16/2018,10/9/2018,C,6,367,5,3,2.1334,10,61,24,8,,93,85,0.655913978,0.913978495,0.086021505
Elizabeth,7/16/2018,10/9/2018,C,6,367,5,4,1.7547,8,57,32,7,,96,89,0.59375,0.927083333,0.072916667
Elizabeth,7/16/2018,10/9/2018,C,6,367,5,5,1.6433,8,43,49,7,,99,92,0.434343434,0.929292929,0.070707071
Elizabeth,7/16/2018,10/15/2018,C,5,9,15,1,2.4527,11,24,14,1,,39,38,0.615384615,0.974358974,0.025641026
Elizabeth,7/16/2018,10/15/2018,C,5,9,15,2,2.6592,12,40,21,4,,65,61,0.615384615,0.938461538,0.061538462
Elizabeth,7/16/2018,10/15/2018,C,5,9,15,3,3.2198,14,40,21,1,,62,61,0.64516129,0.983870968,0.016129032
Elizabeth,7/16/2018,10/15/2018,C,5,9,15,4,2.944,13,21,30,11,,62,51,0.338709677,0.822580645,0.177419355
Elizabeth,7/16/2018,10/15/2018,C,5,9,15,5,3.4496,14,50,19,7,,76,69,0.657894737,0.907894737,0.092105263
Elizabeth,7/16/2018,10/15/2018,C,2,221,8,1,2.5071,12,19,53,5,,77,72,0.246753247,0.935064935,0.064935065
Elizabeth,7/16/2018,10/15/2018,C,2,221,8,2,3.0213,13,30,29,12,,71,59,0.422535211,0.830985915,0.169014085
Elizabeth,7/16/2018,10/15/2018,C,2,221,8,3,1.6562,10,35,29,7,,71,64,0.492957746,0.901408451,0.098591549
Elizabeth,7/16/2018,10/15/2018,C,2,221,8,4,2.9566,11,43,31,16,,90,74,0.477777778,0.822222222,0.177777778
Elizabeth,7/16/2018,10/15/2018,C,2,221,8,5,3.5805,13,41,29,16,,86,70,0.476744186,0.813953488,0.186046512
Elizabeth,7/16/2018,10/15/2018,C,6,339,7,1,2.1053,12,25,30,13,,68,55,0.367647059,0.808823529,0.191176471
Elizabeth,7/16/2018,10/15/2018,C,6,339,7,2,1.8063,16,36,40,5,,81,76,0.444444444,0.938271605,0.061728395
Elizabeth,7/16/2018,10/15/2018,C,6,339,7,3,3.0291,13,30,29,9,,68,59,0.441176471,0.867647059,0.132352941
Elizabeth,7/16/2018,10/15/2018,C,6,339,7,4,1.9869,12,24,45,9,,78,69,0.307692308,0.884615385,0.115384615
Elizabeth,7/16/2018,10/15/2018,C,6,339,7,5,1.9764,14,27,45,5,,77,72,0.350649351,0.935064935,0.064935065
Elizabeth,7/16/2018,10/15/2018,C,6,86,10,1,1.6471,11,35,42,11,,88,77,0.397727273,0.875,0.125
Elizabeth,7/16/2018,10/15/2018,C,6,86,10,2,1.7872,10,33,41,4,,78,74,0.423076923,0.948717949,0.051282051
Elizabeth,7/16/2018,10/15/2018,C,6,86,10,3,1.8781,12,36,34,13,,83,70,0.43373494,0.843373494,0.156626506
Elizabeth,7/16/2018,10/15/2018,C,6,86,10,4,2.1529,14,26,51,9,,86,77,0.302325581,0.895348837,0.104651163
Elizabeth,7/16/2018,10/15/2018,C,6,86,10,5,2.0456,12,35,40,11,,86,75,0.406976744,0.872093023,0.127906977
Elizabeth,7/16/2018,10/15/2018,C,6,223,3,1,2.0218,11,33,25,6,,64,58,0.515625,0.90625,0.09375
Elizabeth,7/16/2018,10/15/2018,C,6,223,3,2,1.7713,11,41,19,10,,70,60,0.585714286,0.857142857,0.142857143
Elizabeth,7/16/2018,10/15/2018,C,6,223,3,3,2.6786,13,24,33,5,,62,57,0.387096774,0.919354839,0.080645161
Elizabeth,7/16/2018,10/16/2018,C,6,192,24,1,1.4953,10,33,31,1,,65,64,0.507692308,0.984615385,0.015384615
Elizabeth,7/16/2018,10/16/2018,C,6,192,24,2,1.719,12,28,30,8,,66,58,0.424242424,0.878787879,0.121212121
Elizabeth,7/16/2018,10/16/2018,C,6,192,24,3,2.1221,11,34,33,7,,74,67,0.459459459,0.905405405,0.094594595
Elizabeth,7/16/2018,10/16/2018,C,6,192,24,4,1.8538,11,18,45,9,,72,63,0.25,0.875,0.125
Elizabeth,7/16/2018,10/16/2018,C,6,192,24,5,1.6494,11,28,41,8,,77,69,0.363636364,0.896103896,0.103896104
Elizabeth,7/20/2018,10/29/2018,C,4,66,1,1,1.4967,13,29,42,3,,74,71,0.391891892,0.959459459,0.040540541
Elizabeth,7/20/2018,10/29/2018,C,2,221,2,1,2.5675,10,29,42,13,,84,71,0.345238095,0.845238095,0.154761905
Elizabeth,7/20/2018,10/29/2018,C,2,221,2,2,1.9364,9,37,38,9,,84,75,0.44047619,0.892857143,0.107142857
Elizabeth,7/20/2018,10/30/2018,C,6,376,2,1,2.0226,10,31,41,2,,74,72,0.418918919,0.972972973,0.027027027
Elizabeth,7/20/2018,10/30/2018,C,6,376,2,2,1.707,7,31,49,5,,85,80,0.364705882,0.941176471,0.058823529
Elizabeth,7/24/2018,11/26/2018,C,1,28,5,1,1.1024,8,14,92,9,,115,106,0.12173913,0.92173913,0.07826087
Elizabeth,7/24/2018,11/26/2018,C,1,28,5,2,1.6983,9,13,96,17,,126,109,0.103174603,0.865079365,0.134920635
Elizabeth,7/24/2018,11/26/2018,C,1,28,5,3,1.665,7,11,89,5,,105,100,0.104761905,0.952380952,0.047619048
Elizabeth,7/24/2018,11/26/2018,C,1,28,5,4,1.8262,9,16,76,7,,99,92,0.161616162,0.929292929,0.070707071
Elizabeth,7/24/2018,11/26/2018,C,1,28,5,5,1.4932,7,31,64,10,,105,95,0.295238095,0.904761905,0.095238095
Elizabeth,7/24/2018,11/26/2018,C,1,40,1,1,2.238,12,15,34,2,,51,49,0.294117647,0.960784314,0.039215686
Erin/Laney,7/17/2018,3/22/2019,C,3,95,21,1,1.634,14,56,27,6,,89,83,0.629213483,0.93258427,0.06741573
Erin/Laney,7/17/2018,3/22/2019,C,3,95,21,2,1.3888,11,48,24,9,,81,72,0.592592593,0.888888889,0.111111111
Erin/Laney,7/17/2018,3/22/2019,C,3,95,21,3,1.4949,10,61,13,20,,94,74,0.64893617,0.787234043,0.212765957
Erin/Laney,7/17/2018,3/22/2019,C,3,95,21,4,1.632,10,60,23,12,,95,83,0.631578947,0.873684211,0.126315789
Erin/Laney,7/17/2018,3/22/2019,C,3,95,21,5,1.8475,12,66,8,9,,83,74,0.795180723,0.891566265,0.108433735
Erin/Laney,7/17/2018,3/22/2019,C,1,190,12,1,1.3806,14,49,30,14,,93,79,0.52688172,0.849462366,0.150537634
Erin/Laney,7/17/2018,3/22/2019,C,1,190,12,2,1.9855,15,55,22,18,,95,77,0.578947368,0.810526316,0.189473684
Erin/Laney,7/17/2018,3/22/2019,C,1,190,12,3,1.9877,14,40,30,17,,87,70,0.459770115,0.804597701,0.195402299
Erin/Laney,7/17/2018,3/22/2019,C,1,190,12,4,1.5548,14,52,20,7,,79,72,0.658227848,0.911392405,0.088607595
Erin/Laney,7/17/2018,3/22/2019,C,1,190,12,5,1.7508,12,42,23,13,,78,65,0.538461538,0.833333333,0.166666667
Erin/Laney,7/17/2018,3/25/2019,C,4,378,7,1,2.3096,22,33,42,6,,81,75,0.407407407,0.925925926,0.074074074
Erin/Laney,7/17/2018,3/25/2019,C,4,378,7,2,2.2113,20,32,51,7,,90,83,0.355555556,0.922222222,0.077777778
Erin/Laney,7/17/2018,3/25/2019,C,4,378,7,3,2.2033,20,33,53,5,,91,86,0.362637363,0.945054945,0.054945055
Erin/Laney,7/17/2018,3/25/2019,C,4,378,7,4,1.266,15,28,50,12,,90,78,0.311111111,0.866666667,0.133333333
Erin/Laney,7/17/2018,3/25/2019,C,4,378,7,5,1.5696,7,22,58,6,,86,80,0.255813953,0.930232558,0.069767442
Erin/Laney,7/17/2018,3/25/2019,C,1,75,15,1,1.0375,12,41,22,5,,68,63,0.602941176,0.926470588,0.073529412
Erin/Laney,7/17/2018,3/25/2019,C,1,75,15,2,1.6182,15,44,35,16,,95,79,0.463157895,0.831578947,0.168421053
Erin/Laney,7/17/2018,3/25/2019,C,1,75,15,3,1.6065,13,46,46,10,,102,92,0.450980392,0.901960784,0.098039216
Erin/Laney,7/17/2018,3/25/2019,C,1,75,15,4,1.3609,16,47,47,3,,97,94,0.484536082,0.969072165,0.030927835
Erin/Laney,7/17/2018,3/25/2019,C,1,75,15,5,1.7243,18,41,33,10,,84,74,0.488095238,0.880952381,0.119047619
Erin/Meg,7/17/2018,3/26/2019,C,5,359,8,1,2.045,17,48,12,10,,70,60,0.685714286,0.857142857,0.142857143
Erin/Meg,7/17/2018,3/26/2019,C,5,359,8,2,2.5153,13,47,19,13,,79,66,0.594936709,0.835443038,0.164556962
Erin/Meg,7/17/2018,3/26/2019,C,5,359,8,3,1.7547,13,46,16,10,,72,62,0.638888889,0.861111111,0.138888889
Erin/Meg,7/17/2018,3/26/2019,C,5,359,8,4,2.1848,12,48,14,14,,76,62,0.631578947,0.815789474,0.184210526
Erin/Meg,7/17/2018,3/26/2019,C,5,359,8,5,1.8731,9,48,13,12,,73,61,0.657534247,0.835616438,0.164383562
Erin/Meg,7/18/2018,4/23/2019,C,4,324,4,1,1.5735,13,35,56,13,,104,91,0.336538462,0.875,0.125
Erin/Meg,7/18/2018,4/23/2019,C,4,324,4,2,1.6881,14,31,53,10,,94,84,0.329787234,0.893617021,0.106382979
Erin/Meg,7/18/2018,4/23/2019,C,4,324,4,3,1.5335,10,31,55,17,,103,86,0.300970874,0.834951456,0.165048544
Erin/Meg,7/18/2018,4/23/2019,C,4,324,4,4,1.4585,11,18,74,15,,107,92,0.168224299,0.859813084,0.140186916
Erin/Meg,7/18/2018,4/23/2019,C,6,375,7,1,1.4401,13,34,35,10,,79,69,0.430379747,0.873417722,0.126582278
Erin/Meg,7/18/2018,4/23/2019,C,6,375,7,2,2.1419,19,32,18,22,,72,50,0.444444444,0.694444444,0.305555556
Erin/Meg,7/18/2018,4/23/2019,C,6,375,7,3,2.2532,17,38,30,13,,81,68,0.469135802,0.839506173,0.160493827
Erin/Meg,7/18/2018,4/23/2019,C,6,375,7,4,1.3404,14,18,26,9,,53,44,0.339622642,0.830188679,0.169811321
Erin/Meg,7/18/2018,4/23/2019,C,6,375,7,5,1.6427,14,43,35,14,,92,78,0.467391304,0.847826087,0.152173913
Erin/Meg,7/18/2018,4/23/2019,C,3,16,3,1,1.2876,15,28,39,7,,74,67,0.378378378,0.905405405,0.094594595
Erin/Meg,7/18/2018,4/23/2019,C,3,16,3,2,1.9047,15,34,23,5,,62,57,0.548387097,0.919354839,0.080645161
Erin/Meg,7/18/2018,4/23/2019,C,3,16,3,3,1.5153,15,35,32,4,,71,67,0.492957746,0.943661972,0.056338028
Erin/Meg,7/18/2018,4/23/2019,C,1,96,8,1,2.3794,22,27,47,14,,88,74,0.306818182,0.840909091,0.159090909
Erin/Meg,7/18/2018,4/23/2019,C,1,96,8,2,2.2617,15,31,42,14,,87,73,0.356321839,0.83908046,0.16091954
Erin/Meg,7/18/2018,4/23/2019,C,1,96,8,3,1.9038,15,23,44,16,,83,67,0.277108434,0.807228916,0.192771084
Erin/Meg,7/18/2018,4/23/2019,C,1,96,8,4,1.3428,14,17,24,12,,53,41,0.320754717,0.773584906,0.226415094
Erin/Meg,7/18/2018,4/23/2019,C,1,96,8,5,2.06,17,29,45,12,,86,74,0.337209302,0.860465116,0.139534884
Erin/Meg,7/18/2018,4/23/2019,C,3,97,8,1,1.8848,12,35,35,15,,85,70,0.411764706,0.823529412,0.176470588
Erin/Meg,7/18/2018,4/23/2019,C,3,97,8,2,1.8599,13,40,35,28,,103,75,0.388349515,0.72815534,0.27184466
Erin/Meg,7/18/2018,4/23/2019,C,3,97,8,3,2.0321,19,26,35,10,,71,61,0.366197183,0.85915493,0.14084507
Erin/Meg,7/18/2018,4/23/2019,C,3,97,8,4,1.7956,13,23,43,20,,86,66,0.26744186,0.76744186,0.23255814
Erin/Meg,7/18/2018,4/23/2019,C,3,97,8,5,1.5562,11,25,37,26,,88,62,0.284090909,0.704545455,0.295454545
Erin/Meg,7/18/2018,4/23/2019,C,3,71,4,1,2.1436,15,41,26,11,,78,67,0.525641026,0.858974359,0.141025641
Erin/Meg,7/18/2018,4/23/2019,C,3,71,4,2,1.8752,15,29,28,14,,71,57,0.408450704,0.802816901,0.197183099
Erin/Meg,7/18/2018,4/23/2019,C,3,71,4,3,2.6519,16,45,39,6,,90,84,0.5,0.933333333,0.066666667
Erin/Meg,7/18/2018,4/23/2019,C,3,71,4,4,1.8855,11,36,20,9,,65,56,0.553846154,0.861538462,0.138461538
Laney,7/17/2018,3/25/2019,C,1,217,3,1,1.8224,17,44,18,13,,75,62,0.586666667,0.826666667,0.173333333
Laney,7/17/2018,3/25/2019,C,1,217,3,2,1.7461,14,36,28,8,,72,64,0.5,0.888888889,0.111111111
Laney,7/17/2018,3/25/2019,C,1,217,3,3,1.935,16,52,18,12,,82,70,0.634146341,0.853658537,0.146341463
Laney,7/17/2018,3/25/2019,C,1,13,3,1,1.9799,17,32,50,7,,89,82,0.359550562,0.921348315,0.078651685
Laney,7/17/2018,3/25/2019,C,1,13,3,2,1.7571,16,33,56,11,,100,89,0.33,0.89,0.11
Laney,7/17/2018,3/25/2019,C,1,13,3,3,1.6321,15,37,74,14,,125,111,0.296,0.888,0.112
Laney,7/17/2018,3/29/2019,C,1,367,2,1,1.7666,13,43,55,7,,105,98,0.40952381,0.933333333,0.066666667
Laney,7/17/2018,3/29/2019,C,1,367,2,2,1.7843,17,27,55,9,,91,82,0.296703297,0.901098901,0.098901099
Laney,7/18/2018,4/19/2019,C,1,61,3,1,1.8856,12,24,58,10,,92,82,0.260869565,0.891304348,0.108695652
Laney,7/18/2018,4/19/2019,C,1,61,3,2,2.5459,12,60,10,9,,79,70,0.759493671,0.886075949,0.113924051
Laney,7/18/2018,4/19/2019,C,1,61,3,3,1.9372,11,55,35,14,,104,90,0.528846154,0.865384615,0.134615385
Laney,7/18/2018,4/19/2019,C,6,322,9,1,2.1002,14,30,35,16,,81,65,0.37037037,0.802469136,0.197530864
Laney,7/18/2018,4/19/2019,C,6,322,9,2,1.9064,10,26,26,17,,69,52,0.376811594,0.753623188,0.246376812
Laney,7/18/2018,4/19/2019,C,6,322,9,3,1.4574,13,31,23,19,,73,54,0.424657534,0.739726027,0.260273973
Laney,7/18/2018,4/19/2019,C,6,322,9,4,1.6514,14,32,20,13,,65,52,0.492307692,0.8,0.2
Laney,7/18/2018,4/19/2019,C,6,322,9,5,1.4909,11,28,25,24,,77,53,0.363636364,0.688311688,0.311688312
Laney,7/18/2018,4/22/2019,C,1,292,8,1,1.7866,18,29,40,14,,83,69,0.34939759,0.831325301,0.168674699
Laney,7/18/2018,4/22/2019,C,1,292,8,2,1.1553,15,43,27,7,,77,70,0.558441558,0.909090909,0.090909091
Laney,7/18/2018,4/22/2019,C,1,292,8,3,1.1619,11,36,34,9,,79,70,0.455696203,0.886075949,0.113924051
Laney,7/18/2018,4/22/2019,C,1,292,8,4,1.5161,15,39,28,11,,78,67,0.5,0.858974359,0.141025641
Laney,7/18/2018,4/22/2019,C,1,292,8,5,1.1623,14,33,36,6,,75,69,0.44,0.92,0.08
Laney,7/18/2018,4/22/2019,C,4,191,6,1,1.957,12,48,36,15,,99,84,0.484848485,0.848484848,0.151515152
Laney,7/18/2018,4/22/2019,C,4,191,6,2,2.0937,12,32,49,18,,99,81,0.323232323,0.818181818,0.181818182
Laney,7/18/2018,4/22/2019,C,4,191,6,3,1.9563,14,34,52,18,,104,86,0.326923077,0.826923077,0.173076923
Laney,7/18/2018,4/22/2019,C,4,191,6,4,2.5908,15,44,39,13,,96,83,0.458333333,0.864583333,0.135416667
Laney,7/18/2018,4/22/2019,C,4,191,6,5,2.395,14,38,45,18,,101,83,0.376237624,0.821782178,0.178217822
Laney,7/18/2018,4/22/2019,C,4,90,12,1,1.4604,14,25,49,10,,84,74,0.297619048,0.880952381,0.119047619
Laney,7/18/2018,4/22/2019,C,4,90,12,2,2.2789,14,31,51,17,,99,82,0.313131313,0.828282828,0.171717172
Laney,7/18/2018,4/22/2019,C,4,90,12,3,1.6524,12,39,39,9,,87,78,0.448275862,0.896551724,0.103448276
Laney,7/18/2018,4/22/2019,C,4,90,12,4,2.4312,14,39,48,17,,104,87,0.375,0.836538462,0.163461538
Laney,7/18/2018,4/22/2019,C,4,90,12,5,2.0013,6,37,56,25,,118,93,0.313559322,0.788135593,0.211864407
Laney,7/18/2018,4/22/2019,C,4,212,20,1,2.3834,17,52,29,12,,93,81,0.559139785,0.870967742,0.129032258
Laney,7/18/2018,4/22/2019,C,4,212,20,2,1.2839,15,51,31,8,,90,82,0.566666667,0.911111111,0.088888889
Laney,7/18/2018,4/22/2019,C,4,212,20,3,1.6478,16,29,39,8,,76,68,0.381578947,0.894736842,0.105263158
Laney,7/18/2018,4/22/2019,C,4,212,20,4,1.6079,14,42,29,13,,84,71,0.5,0.845238095,0.154761905
Laney,7/18/2018,4/22/2019,C,4,212,20,5,1.4621,13,34,46,13,,93,80,0.365591398,0.860215054,0.139784946
Laney,7/18/2018,4/22/2019,C,6,189,12,1,1.7252,13,47,16,18,,81,63,0.580246914,0.777777778,0.222222222
Laney,7/18/2018,4/22/2019,C,6,189,12,2,1.7684,11,48,59,15,,122,107,0.393442623,0.87704918,0.12295082
Laney,7/18/2018,4/22/2019,C,6,189,12,3,1.7227,14,70,11,13,,94,81,0.744680851,0.861702128,0.138297872
Laney,7/18/2018,4/22/2019,C,6,189,12,4,1.32,11,53,24,16,,93,77,0.569892473,0.827956989,0.172043011
Laney,7/18/2018,4/22/2019,C,6,189,12,5,1.3946,12,63,18,13,,94,81,0.670212766,0.861702128,0.138297872
Laney,7/18/2018,4/26/2019,C,6,116,1,1,1.7883,18,39,25,19,,83,64,0.469879518,0.771084337,0.228915663
Laney,7/18/2018,4/26/2019,C,1,21,2,1,1.5938,13,40,35,11,,86,75,0.465116279,0.872093023,0.127906977
Laney,7/18/2018,4/26/2019,C,1,21,2,2,2.7928,23,54,54,8,,116,108,0.465517241,0.931034483,0.068965517
Laney,7/18/2018,4/26/2019,C,1,41,3,1,1.9619,15,41,43,18,,102,84,0.401960784,0.823529412,0.176470588
Laney,7/18/2018,4/26/2019,C,1,41,3,2,1.6257,13,40,34,7,,81,74,0.49382716,0.913580247,0.086419753
Laney,7/18/2018,4/26/2019,C,1,41,3,3,1.4854,14,43,42,13,,98,85,0.43877551,0.867346939,0.132653061
Laney/Erin,7/17/2018,3/29/2019,C,1,91,2,1,1.9138,17,32,24,16,,72,56,0.444444444,0.777777778,0.222222222
Laney/Erin,7/17/2018,3/29/2019,C,1,91,2,2,1.6494,16,32,22,16,,70,54,0.457142857,0.771428571,0.228571429
Laney/Erin,7/19/2018,3/29/2019,C,1,13,1,1,1.2304,14,31,59,14,,104,90,0.298076923,0.865384615,0.134615385
Laney/Erin,7/18/2018,4/22/2019,C,6,3,18,1,1.8073,14,61,37,4,,102,98,0.598039216,0.960784314,0.039215686
Laney/Erin,7/18/2018,4/22/2019,C,6,3,18,2,1.1632,11,72,31,15,,118,103,0.610169492,0.872881356,0.127118644
Laney/Erin,7/18/2018,4/22/2019,C,6,3,18,3,1.4659,13,46,36,17,,99,82,0.464646465,0.828282828,0.171717172
Laney/Erin,7/18/2018,4/22/2019,C,6,3,18,4,1.5992,11,58,35,10,,103,93,0.563106796,0.902912621,0.097087379
Laney/Erin,7/18/2018,4/22/2019,C,6,3,18,5,1.3906,15,42,34,15,,91,76,0.461538462,0.835164835,0.164835165
Laney/Ryan,7/17/2018,3/28/2019,C,1,9,4,1,2.0922,14,56,45,21,,122,101,0.459016393,0.827868852,0.172131148
Laney/Ryan,7/17/2018,3/28/2019,C,1,9,4,2,1.8046,14,45,48,14,,107,93,0.420560748,0.869158879,0.130841121
Laney/Ryan,7/17/2018,3/28/2019,C,1,9,4,3,1.5539,12,34,56,18,,108,90,0.314814815,0.833333333,0.166666667
Laney/Ryan,7/17/2018,3/28/2019,C,1,9,4,4,1.8663,14,43,54,11,,108,97,0.398148148,0.898148148,0.101851852
Laney/Ryan,7/18/2018,4/25/2019,C,4,252,7,1,1.4756,15,68,16,21,,105,84,0.647619048,0.8,0.2
Laney/Ryan,7/18/2018,4/25/2019,C,4,252,7,2,1.5756,17,59,7,24,,90,66,0.655555556,0.733333333,0.266666667
Laney/Ryan,7/18/2018,4/25/2019,C,4,252,7,3,1.4074,18,53,12,17,,82,65,0.646341463,0.792682927,0.207317073
Laney/Ryan,7/18/2018,4/25/2019,C,4,252,7,4,1.4178,19,58,16,15,,89,74,0.651685393,0.831460674,0.168539326
Laney/Ryan,7/18/2018,4/25/2019,C,4,252,7,5,1.1579,17,70,26,22,,118,96,0.593220339,0.813559322,0.186440678
Laney/Ryan,7/18/2018,4/25/2019,C,3,306,9,1,1.853,20,45,19,14,,78,64,0.576923077,0.820512821,0.179487179
Laney/Ryan,7/18/2018,4/25/2019,C,3,306,9,2,1.2216,16,42,27,9,,78,69,0.538461538,0.884615385,0.115384615
Laney/Ryan,7/18/2018,4/25/2019,C,3,306,9,3,1.7512,17,43,15,7,,65,58,0.661538462,0.892307692,0.107692308
Laney/Ryan,7/18/2018,4/25/2019,C,3,306,9,4,2.361,25,60,14,10,,84,74,0.714285714,0.880952381,0.119047619
Laney/Ryan,7/18/2018,4/25/2019,C,3,306,9,5,2.0024,19,52,25,11,,88,77,0.590909091,0.875,0.125
Laney/Ryan,7/18/2018,4/25/2019,C,6,339,3,1,1.723,15,66,31,8,,105,97,0.628571429,0.923809524,0.076190476
Laney/Ryan,7/18/2018,4/25/2019,C,6,339,3,2,1.5032,15,52,38,14,,104,90,0.5,0.865384615,0.134615385
Laney/Ryan,7/18/2018,4/25/2019,C,6,339,3,3,1.6174,15,56,30,7,,93,86,0.602150538,0.924731183,0.075268817
Laney/Ryan,7/18/2018,4/26/2019,C,6,26,5,1,1.252,13,54,31,20,,105,85,0.514285714,0.80952381,0.19047619
Laney/Ryan,7/18/2018,4/26/2019,C,6,26,5,2,1.1872,12,43,13,19,,75,56,0.573333333,0.746666667,0.253333333
Laney/Ryan,7/18/2018,4/26/2019,C,6,26,5,3,1.3749,11,65,19,11,,95,84,0.684210526,0.884210526,0.115789474
Laney/Ryan,7/18/2018,4/26/2019,C,6,26,5,4,1.2091,11,51,19,22,,92,70,0.554347826,0.760869565,0.239130435
Laney/Ryan,7/18/2018,4/26/2019,C,6,26,5,5,1.2631,13,55,14,11,,80,69,0.6875,0.8625,0.1375
Laney/Ryan,7/18/2018,4/26/2019,C,2,39,2,1,1.6301,14,41,34,8,,83,75,0.493975904,0.903614458,0.096385542
Laney/Ryan,7/18/2018,4/26/2019,C,2,39,2,2,1.6501,19,35,29,13,,77,64,0.454545455,0.831168831,0.168831169
Laney/Ryan,7/18/2018,4/26/2019,C,3,368,2,1,2.6998,19,32,54,12,,98,86,0.326530612,0.87755102,0.12244898
Laney/Ryan,7/18/2018,4/26/2019,C,3,368,2,2,2.2649,17,30,64,7,,101,94,0.297029703,0.930693069,0.069306931
Meg,7/17/2018,3/28/2019,C,1,292,15,1,1.6603,11,45,22,9,,76,67,0.592105263,0.881578947,0.118421053
Meg,7/17/2018,3/28/2019,C,1,292,15,2,2.8417,17,34,30,8,,72,64,0.472222222,0.888888889,0.111111111
Meg,7/17/2018,3/28/2019,C,1,292,15,3,2.6387,15,41,37,9,,87,78,0.471264368,0.896551724,0.103448276
Meg,7/17/2018,3/28/2019,C,1,292,15,4,2.034,16,61,25,11,,97,86,0.628865979,0.886597938,0.113402062
Meg,7/17/2018,3/28/2019,C,1,292,15,5,1.7667,11,39,20,16,,75,59,0.52,0.786666667,0.213333333
Meg,7/18/2018,4/25/2019,C,1,40,4,1,1.9067,9,54,15,12,,81,69,0.666666667,0.851851852,0.148148148
Meg,7/18/2018,4/25/2019,C,1,40,4,2,2.4015,13,44,17,11,,72,61,0.611111111,0.847222222,0.152777778
Meg,7/18/2018,4/25/2019,C,1,40,4,3,2.323,12,47,22,13,,82,69,0.573170732,0.841463415,0.158536585
Meg,7/18/2018,4/25/2019,C,1,40,4,4,1.7421,11,33,19,14,,66,52,0.5,0.787878788,0.212121212
Meg,7/18/2018,4/25/2019,C,6,135,7,1,1.5482,8,43,24,17,,84,67,0.511904762,0.797619048,0.202380952
Meg,7/18/2018,4/25/2019,C,6,135,7,2,1.5545,8,45,31,17,,93,76,0.483870968,0.817204301,0.182795699
Meg,7/18/2018,4/25/2019,C,6,135,7,3,1.4718,9,36,29,11,,76,65,0.473684211,0.855263158,0.144736842
Meg,7/18/2018,4/25/2019,C,6,135,7,4,1.4156,12,44,15,12,,71,59,0.61971831,0.830985915,0.169014085
Meg,7/18/2018,4/25/2019,C,6,135,7,5,1.875,12,51,10,15,,76,61,0.671052632,0.802631579,0.197368421
Meg,7/18/2018,4/25/2019,C,1,28,2,1,2.1637,15,17,92,10,,119,109,0.142857143,0.915966387,0.084033613
Meg,7/18/2018,4/25/2019,C,1,28,2,2,1.7412,10,28,,,,28,28,1,1,0
Ryan,7/17/2018,3/27/2019,C,3,151,19,1,1.7981,13,51,21,17,,89,72,0.573033708,0.808988764,0.191011236
Ryan,7/17/2018,3/27/2019,C,3,151,19,2,1.7165,14,51,10,14,,75,61,0.68,0.813333333,0.186666667
Ryan,7/17/2018,3/27/2019,C,3,151,19,3,2.3409,17,61,22,11,,94,83,0.64893617,0.882978723,0.117021277
Ryan,7/17/2018,3/27/2019,C,3,151,19,4,1.6572,15,51,39,14,,104,90,0.490384615,0.865384615,0.134615385
Ryan,7/17/2018,3/27/2019,C,3,151,19,5,1.8626,17,69,18,11,,98,87,0.704081633,0.887755102,0.112244898
Ryan,7/18/2019,4/17/2019,C,3,36,16,1,1.5821,10,48,44,15,,107,92,0.448598131,0.859813084,0.140186916
Ryan,7/18/2019,4/17/2019,C,3,36,16,2,1.4669,11,44,44,22,,110,88,0.4,0.8,0.2
Ryan,7/18/2019,4/17/2019,C,3,36,16,3,1.8443,17,34,42,14,,90,76,0.377777778,0.844444444,0.155555556
Ryan,7/18/2019,4/17/2019,C,3,36,16,4,1.5697,13,33,28,23,,84,61,0.392857143,0.726190476,0.273809524
Ryan,7/18/2019,4/17/2019,C,3,36,16,5,1.5207,13,45,37,15,,97,82,0.463917526,0.845360825,0.154639175
Ryan,7/18/2019,4/17/2019,C,2,271,3,1,1.7293,16,48,31,14,,93,79,0.516129032,0.849462366,0.150537634
Ryan,7/18/2019,4/17/2019,C,2,271,3,2,1.656,20,23,41,9,,73,64,0.315068493,0.876712329,0.123287671
Ryan,7/18/2019,4/17/2019,C,2,271,3,3,1.284,16,48,25,7,,80,73,0.6,0.9125,0.0875
Ryan,7/18/2018,4/24/2019,C,2,70,9,1,1.6997,15,48,40,9,,97,88,0.494845361,0.907216495,0.092783505
Ryan,7/18/2018,4/24/2019,C,2,70,9,2,1.3261,16,41,26,13,,80,67,0.5125,0.8375,0.1625
Ryan,7/18/2018,4/24/2019,C,2,70,9,3,2.1779,21,35,50,14,,99,85,0.353535354,0.858585859,0.141414141
Ryan,7/18/2018,4/24/2019,C,2,70,9,4,2.8437,19,20,35,15,,70,55,0.285714286,0.785714286,0.214285714
Ryan,7/18/2018,4/24/2019,C,2,70,9,5,2.0995,15,47,34,20,,101,81,0.465346535,0.801980198,0.198019802
Ryan,7/18/2018,4/24/2019,C,1,13,2,1,1.4838,16,23,62,23,,108,85,0.212962963,0.787037037,0.212962963
Ryan,7/18/2018,4/24/2019,C,1,13,2,2,1.8879,15,26,67,20,,113,93,0.230088496,0.82300885,0.17699115
Ryan,7/18/2018,4/24/2019,C,5,35,1,1,2.0382,14,25,54,6,,85,79,0.294117647,0.929411765,0.070588235
Elizabeth,7/26/2018,9/10/2018,E,1,327,2,1,1.687,9,20,67,4,,91,87,0.21978022,0.956043956,0.043956044
Elizabeth,7/26/2018,9/10/2018,E,1,327,2,2,1.5279,8,44,33,9,,86,77,0.511627907,0.895348837,0.104651163
Elizabeth,7/23/2018,9/17/2018,E,2,137,2,1,1.2599,10,24,46,6,,76,70,0.315789474,0.921052632,0.078947368
Elizabeth,7/23/2018,9/17/2018,E,2,137,2,2,1.3897,9,14,56,5,,75,70,0.186666667,0.933333333,0.066666667
Elizabeth,7/23/2018,9/17/2018,E,2,128,1,1,2.1081,12,42,55,3,,100,97,0.42,0.97,0.03
Elizabeth,7/23/2018,9/25/2018,E,3,174,1,1,1.6387,12,23,97,11,,131,120,0.175572519,0.916030534,0.083969466
Elizabeth,7/23/2018,9/25/2018,E,3,285,1,1,1.1875,9,37,35,17,,89,72,0.415730337,0.808988764,0.191011236
Elizabeth,7/23/2018,9/25/2018,E,3,285,1,2,1.2288,8,25,49,7,,81,74,0.308641975,0.913580247,0.086419753
Elizabeth,7/23/2018,9/25/2018,E,4,302,1,1,1.5667,10,19,56,12,,87,75,0.218390805,0.862068966,0.137931034
Elizabeth,7/25/2018,10/1/2018,E,2,137,3,1,1.3407,10,35,46,4,,85,81,0.411764706,0.952941176,0.047058824
Elizabeth,7/25/2018,10/1/2018,E,2,137,3,2,1.379,9,31,32,9,,72,63,0.430555556,0.875,0.125
Elizabeth,7/25/2018,10/1/2018,E,2,137,3,3,0.986,9,6,54,4,,64,60,0.09375,0.9375,0.0625
Elizabeth,7/25/2018,10/1/2018,E,3,285,2,1,1.3723,9,28,37,7,,72,65,0.388888889,0.902777778,0.097222222
Elizabeth,7/25/2018,10/1/2018,E,3,285,2,,1.363,9,31,27,5,,63,58,0.492063492,0.920634921,0.079365079
Elizabeth,7/25/2018,10/1/2018,E,3,301,3,1,1.4566,9,32,28,4,,64,60,0.5,0.9375,0.0625
Elizabeth,7/25/2018,10/1/2018,E,3,301,3,2,1.0727,9,23,45,6,,74,68,0.310810811,0.918918919,0.081081081
Elizabeth,7/25/2018,10/1/2018,E,3,301,3,3,1.375,8,28,38,7,,73,66,0.383561644,0.904109589,0.095890411
Elizabeth,7/25/2018,10/1/2018,E,1,337,1,1,1.299,14,9,69,11,,89,78,0.101123596,0.876404494,0.123595506
Elizabeth,7/25/2018,10/1/2018,E,1,278,3,1,1.3195,10,17,50,13,,80,67,0.2125,0.8375,0.1625
Elizabeth,7/25/2018,10/1/2018,E,1,278,3,2,1.1,10,7,51,15,,73,58,0.095890411,0.794520548,0.205479452
Elizabeth,7/25/2018,10/1/2018,E,1,278,3,3,0.8111,11,2,7,11,,20,9,0.1,0.45,0.55
Elizabeth,7/25/2018,10/2/2018,E,3,304,4,1,1.705,9,17,110,7,,134,127,0.126865672,0.947761194,0.052238806
Elizabeth,7/25/2018,10/2/2018,E,3,304,4,2,1.6683,8,21,102,8,,131,123,0.160305344,0.938931298,0.061068702
Elizabeth,7/25/2018,10/2/2018,E,3,304,4,3,1.8396,8,30,98,6,,134,128,0.223880597,0.955223881,0.044776119
Elizabeth,7/25/2018,10/2/2018,E,3,304,4,4,1.5365,10,6,43,12,,61,49,0.098360656,0.803278689,0.196721311
Elizabeth,7/25/2018,10/2/2018,E,4,213,1,1,1.0856,10,13,46,10,,69,59,0.188405797,0.855072464,0.144927536
Elizabeth,7/25/2018,10/2/2018,E,1,246,4,1,0.9811,12,2,50,24,,76,52,0.026315789,0.684210526,0.315789474
Elizabeth,7/25/2018,10/2/2018,E,1,246,4,2,1.635,12,13,89,2,,104,102,0.125,0.980769231,0.019230769
Elizabeth,7/25/2018,10/2/2018,E,1,246,4,3,0.8969,10,16,56,10,,82,72,0.195121951,0.87804878,0.12195122
Elizabeth,7/25/2018,10/2/2018,E,1,246,4,4,0.8546,12,8,51,9,,68,59,0.117647059,0.867647059,0.132352941
Elizabeth,7/18/2018,10/16/2018,E,1,327,3,1,1.5249,10,37,37,6,,80,74,0.4625,0.925,0.075
Elizabeth,7/18/2018,10/16/2018,E,1,327,3,2,2.1115,10,37,51,6,,94,88,0.393617021,0.936170213,0.063829787
Elizabeth,7/18/2018,10/16/2018,E,1,327,3,3,1.5417,10,39,30,3,,72,69,0.541666667,0.958333333,0.041666667
Elizabeth,7/18/2018,10/16/2018,E,2,209,7,1,0.9173,9,28,23,12,,63,51,0.444444444,0.80952381,0.19047619
Elizabeth,7/18/2018,10/16/2018,E,2,209,7,2,0.8741,9,27,22,3,,52,49,0.519230769,0.942307692,0.057692308
Elizabeth,7/18/2018,10/16/2018,E,2,209,7,3,1.3254,11,11,71,13,,95,82,0.115789474,0.863157895,0.136842105
Elizabeth,7/18/2018,10/16/2018,E,2,209,7,4,0.8624,9,26,25,14,,65,51,0.4,0.784615385,0.215384615
Elizabeth,7/18/2018,10/16/2018,E,2,209,7,5,1.3518,10,18,56,4,,78,74,0.230769231,0.948717949,0.051282051
Elizabeth,7/19/2018,10/16/2018,E,6,380,7,1,1.2513,8,31,32,9,,72,63,0.430555556,0.875,0.125
Elizabeth,7/19/2018,10/16/2018,E,6,380,7,2,1.1396,7,18,43,5,,66,61,0.272727273,0.924242424,0.075757576
Elizabeth,7/19/2018,10/16/2018,E,6,380,7,3,1.153,6,24,38,10,,72,62,0.333333333,0.861111111,0.138888889
Elizabeth,7/19/2018,10/16/2018,E,6,380,7,4,2.0347,11,25,73,4,,102,98,0.245098039,0.960784314,0.039215686
Elizabeth,7/19/2018,10/16/2018,E,6,380,7,5,1.4787,9,8,64,9,,81,72,0.098765432,0.888888889,0.111111111
Elizabeth,7/19/2018,10/16/2018,E,5,350,6,1,1.443,9,32,47,1,,80,79,0.4,0.9875,0.0125
Elizabeth,7/19/2018,10/16/2018,E,5,350,6,2,1.23,8,16,38,4,,58,54,0.275862069,0.931034483,0.068965517
Elizabeth,7/19/2018,10/16/2018,E,5,350,6,3,1.5007,9,34,27,4,,65,61,0.523076923,0.938461538,0.061538462
Elizabeth,7/19/2018,10/16/2018,E,5,350,6,4,2.0024,12,43,30,4,,77,73,0.558441558,0.948051948,0.051948052
Elizabeth,7/19/2018,10/16/2018,E,5,350,6,5,1.9578,14,11,24,1,,36,35,0.305555556,0.972222222,0.027777778
Elizabeth,7/19/2018,10/22/2018,E,4,134,7,1,1.4285,10,42,49,15,,106,91,0.396226415,0.858490566,0.141509434
Elizabeth,7/19/2018,10/22/2018,E,4,134,7,2,1.3572,11,15,68,9,,92,83,0.163043478,0.902173913,0.097826087
Elizabeth,7/19/2018,10/22/2018,E,4,134,7,3,1.4667,10,35,51,18,,104,86,0.336538462,0.826923077,0.173076923
Elizabeth,7/19/2018,10/22/2018,E,4,134,7,4,1.4965,10,33,58,11,,102,91,0.323529412,0.892156863,0.107843137
Elizabeth,7/19/2018,10/22/2018,E,4,134,7,5,1.2291,9,44,40,5,,89,84,0.494382022,0.943820225,0.056179775
Elizabeth,7/18/2018,10/22/2018,E,2,137,6,1,2.317,16,20,40,11,,71,60,0.281690141,0.845070423,0.154929577
Elizabeth,7/18/2018,10/22/2018,E,2,137,6,2,2.5313,15,23,34,9,,66,57,0.348484848,0.863636364,0.136363636
Elizabeth,7/18/2018,10/22/2018,E,2,137,6,3,2.7842,14,25,33,5,,63,58,0.396825397,0.920634921,0.079365079
Elizabeth,7/18/2018,10/22/2018,E,2,137,6,4,2.2695,13,27,37,17,,81,64,0.333333333,0.790123457,0.209876543
Elizabeth,7/18/2018,10/22/2018,E,2,137,6,5,1.7268,12,35,24,3,,62,59,0.564516129,0.951612903,0.048387097
Elizabeth,7/18/2018,10/22/2018,E,2,395,13,1,1.3007,10,29,37,15,,81,66,0.358024691,0.814814815,0.185185185
Elizabeth,7/18/2018,10/22/2018,E,2,395,13,2,1.9255,11,51,39,9,,99,90,0.515151515,0.909090909,0.090909091
Elizabeth,7/18/2018,10/22/2018,E,2,395,13,3,1.3956,10,21,34,10,,65,55,0.323076923,0.846153846,0.153846154
Elizabeth,7/18/2018,10/22/2018,E,2,395,13,4,1.256,9,35,47,14,,96,82,0.364583333,0.854166667,0.145833333
Elizabeth,7/18/2018,10/22/2018,E,2,395,13,5,1.4375,10,35,40,18,,93,75,0.376344086,0.806451613,0.193548387
Elizabeth,7/18/2018,10/22/2018,E,1,348,8,1,1.6092,13,42,30,10,,82,72,0.512195122,0.87804878,0.12195122
Elizabeth,7/18/2018,10/22/2018,E,1,348,8,2,0.9876,9,29,40,2,,71,69,0.408450704,0.971830986,0.028169014
Elizabeth,7/18/2018,10/22/2018,E,1,348,8,3,1.0865,12,28,32,8,,68,60,0.411764706,0.882352941,0.117647059
Elizabeth,7/18/2018,10/22/2018,E,1,348,8,4,1.4217,12,28,45,8,,81,73,0.345679012,0.901234568,0.098765432
Elizabeth,7/18/2018,10/22/2018,E,1,348,8,5,1.6743,16,30,23,15,,68,53,0.441176471,0.779411765,0.220588235
Elizabeth,7/18/2018,10/22/2018,E,1,214,5,1,0.9865,12,34,19,16,,69,53,0.492753623,0.768115942,0.231884058
Elizabeth,7/18/2018,10/22/2018,E,1,214,5,2,1.1894,11,30,17,7,,54,47,0.555555556,0.87037037,0.12962963
Elizabeth,7/18/2018,10/22/2018,E,1,214,5,3,1.5729,14,25,11,10,,46,36,0.543478261,0.782608696,0.217391304
Elizabeth,7/18/2018,10/22/2018,E,1,214,5,4,1.7007,14,26,15,25,,66,41,0.393939394,0.621212121,0.378787879
Elizabeth,7/18/2018,10/22/2018,E,1,214,5,5,1.0737,13,14,29,9,,52,43,0.269230769,0.826923077,0.173076923
Elizabeth,7/18/2018,10/22/2018,E,2,266,5,1,1.2151,11,15,57,12,,84,72,0.178571429,0.857142857,0.142857143
Elizabeth,7/18/2018,10/22/2018,E,2,266,5,2,1.1238,14,21,62,7,,90,83,0.233333333,0.922222222,0.077777778
Elizabeth,7/18/2018,10/22/2018,E,2,266,5,3,1.6589,10,19,89,6,,114,108,0.166666667,0.947368421,0.052631579
Elizabeth,7/18/2018,10/22/2018,E,2,266,5,4,1.4799,14,26,35,10,,71,61,0.366197183,0.85915493,0.14084507
Elizabeth,7/18/2018,10/22/2018,E,2,266,5,5,1.5086,14,9,69,15,,93,78,0.096774194,0.838709677,0.161290323
Elizabeth,7/19/2018,10/22/2018,E,6,334,7,1,1.6352,11,45,24,12,,81,69,0.555555556,0.851851852,0.148148148
Elizabeth,7/19/2018,10/22/2018,E,6,334,7,2,1.9547,12,29,37,18,,84,66,0.345238095,0.785714286,0.214285714
Elizabeth,7/19/2018,10/22/2018,E,6,334,7,3,1.5158,10,21,53,20,,94,74,0.223404255,0.787234043,0.212765957
Elizabeth,7/19/2018,10/22/2018,E,6,334,7,4,1.3856,10,28,40,14,,82,68,0.341463415,0.829268293,0.170731707
Elizabeth,7/19/2018,10/22/2018,E,6,334,7,5,1.7072,13,28,55,10,,93,83,0.301075269,0.892473118,0.107526882
Elizabeth,7/19/2018,10/22/2018,E,4,381,6,1,1.0039,10,22,38,9,,69,60,0.31884058,0.869565217,0.130434783
Elizabeth,7/19/2018,10/22/2018,E,4,381,6,2,1.0868,10,22,23,22,,67,45,0.328358209,0.671641791,0.328358209
Elizabeth,7/19/2018,10/22/2018,E,4,381,6,3,1.1709,9,23,41,13,,77,64,0.298701299,0.831168831,0.168831169
Elizabeth,7/19/2018,10/22/2018,E,4,381,6,4,0.8713,9,6,33,17,,56,39,0.107142857,0.696428571,0.303571429
Elizabeth,7/19/2018,10/22/2018,E,4,381,6,5,1.0212,9,15,45,20,,80,60,0.1875,0.75,0.25
Elizabeth,7/19/2018,10/22/2018,E,5,338,2,1,1.2684,12,26,41,4,,71,67,0.366197183,0.943661972,0.056338028
Elizabeth,7/19/2018,10/22/2018,E,5,338,2,2,1.3062,10,7,58,13,,78,65,0.08974359,0.833333333,0.166666667
Elizabeth,7/18/2018,10/22/2018,E,2,188,2,1,1.4364,11,32,22,3,,57,54,0.561403509,0.947368421,0.052631579
Elizabeth,7/18/2018,10/22/2018,E,2,188,2,2,1.3555,12,22,31,6,,59,53,0.372881356,0.898305085,0.101694915
Elizabeth,7/18/2018,10/22/2018,E,1,248,1,1,1.7079,9,18,46,6,,70,64,0.257142857,0.914285714,0.085714286
Elizabeth,7/18/2018,10/22/2018,E,1,218,1,1,0.8898,12,11,41,3,,55,52,0.2,0.945454545,0.054545455
Elizabeth,7/19/2018,10/23/2018,E,6,178,1,1,1.3955,12,28,55,9,,92,83,0.304347826,0.902173913,0.097826087
Elizabeth,7/19/2018,10/23/2018,E,6,356,4,1,1.3143,8,15,66,4,,85,81,0.176470588,0.952941176,0.047058824
Elizabeth,7/19/2018,10/23/2018,E,6,356,4,2,2.6586,14,33,36,12,,81,69,0.407407407,0.851851852,0.148148148
Elizabeth,7/19/2018,10/23/2018,E,6,356,4,3,1.3127,9,8,61,12,,81,69,0.098765432,0.851851852,0.148148148
Elizabeth,7/19/2018,10/23/2018,E,6,356,4,4,1.3393,8,18,65,2,,85,83,0.211764706,0.976470588,0.023529412
Elizabeth,7/19/2018,10/23/2018,E,5,382,6,1,1.6368,10,27,31,13,,71,58,0.38028169,0.816901408,0.183098592
Elizabeth,7/19/2018,10/23/2018,E,5,382,6,2,1.5716,10,29,29,15,,73,58,0.397260274,0.794520548,0.205479452
Elizabeth,7/19/2018,10/23/2018,E,5,382,6,3,1.6575,10,40,16,5,,61,56,0.655737705,0.918032787,0.081967213
Elizabeth,7/19/2018,10/23/2018,E,5,382,6,4,1.2651,10,40,25,5,,70,65,0.571428571,0.928571429,0.071428571
Elizabeth,7/19/2018,10/23/2018,E,5,382,6,5,1.5191,11,41,32,5,,78,73,0.525641026,0.935897436,0.064102564
Elizabeth,7/19/2018,10/23/2018,E,4,302,7,1,1.6853,14,24,42,6,,72,66,0.333333333,0.916666667,0.083333333
Elizabeth,7/19/2018,10/23/2018,E,4,302,7,2,1.7569,15,23,35,5,,63,58,0.365079365,0.920634921,0.079365079
Elizabeth,7/19/2018,10/23/2018,E,4,302,7,3,1.4996,19,21,46,7,,74,67,0.283783784,0.905405405,0.094594595
Elizabeth,7/19/2018,10/23/2018,E,4,302,7,4,1.0617,19,9,45,10,,64,54,0.140625,0.84375,0.15625
Elizabeth,7/19/2018,10/23/2018,E,4,302,7,5,1.5746,14,19,42,12,,73,61,0.260273973,0.835616438,0.164383562
Elizabeth,7/19/2018,10/23/2018,E,5,349,6,1,1.4932,10,21,38,9,,68,59,0.308823529,0.867647059,0.132352941
Elizabeth,7/19/2018,10/23/2018,E,5,349,6,2,1.2677,8,17,46,4,,67,63,0.253731343,0.940298507,0.059701493
Elizabeth,7/19/2018,10/23/2018,E,5,349,6,3,1.3722,9,39,39,7,,85,78,0.458823529,0.917647059,0.082352941
Elizabeth,7/19/2018,10/23/2018,E,5,349,6,4,1.6498,10,35,37,6,,78,72,0.448717949,0.923076923,0.076923077
Elizabeth,7/19/2018,10/23/2018,E,5,349,6,5,1.6097,10,17,57,13,,87,74,0.195402299,0.850574713,0.149425287
Elizabeth,7/19/2018,10/23/2018,E,6,325,1,1,0.8885,10,20,22,4,,46,42,0.434782609,0.913043478,0.086956522
Elizabeth,7/19/2018,10/23/2018,E,5,255,3,1,1.156,9,19,33,6,,58,52,0.327586207,0.896551724,0.103448276
Elizabeth,7/19/2018,10/23/2018,E,5,255,3,2,1.0977,8,10,52,3,,65,62,0.153846154,0.953846154,0.046153846
Elizabeth,7/19/2018,10/23/2018,E,5,255,3,3,0.8477,10,22,42,5,,69,64,0.31884058,0.927536232,0.072463768
Elizabeth,7/18/2018,10/23/2018,E,1,337,1,1,1.1648,11,8,41,20,,69,49,0.115942029,0.710144928,0.289855072
Elizabeth,7/18/2018,10/23/2018,E,5,394,15,1,2.8842,11,23,49,2,,74,72,0.310810811,0.972972973,0.027027027
Elizabeth,7/18/2018,10/23/2018,E,5,394,15,2,2.7683,11,20,55,4,,79,75,0.253164557,0.949367089,0.050632911
Elizabeth,7/18/2018,10/23/2018,E,5,394,15,3,3.7523,13,28,53,2,,83,81,0.337349398,0.975903614,0.024096386
Elizabeth,7/18/2018,10/23/2018,E,5,394,15,4,3.0052,13,19,58,7,,84,77,0.226190476,0.916666667,0.083333333
Elizabeth,7/18/2018,10/23/2018,E,5,394,15,5,3.3682,14,26,61,7,,94,87,0.276595745,0.925531915,0.074468085
Elizabeth,7/18/2018,10/29/2018,E,1,125,3,1,1.0996,10,33,32,7,,72,65,0.458333333,0.902777778,0.097222222
Elizabeth,7/18/2018,10/29/2018,E,1,125,3,2,1.1555,9,30,35,8,,73,65,0.410958904,0.890410959,0.109589041
Elizabeth,7/18/2018,10/29/2018,E,1,125,3,3,0.93,11,32,31,8,,71,63,0.450704225,0.887323944,0.112676056
Elizabeth,7/18/2018,10/29/2018,E,1,208,3,1,1.3777,9,31,29,3,,63,60,0.492063492,0.952380952,0.047619048
Elizabeth,7/18/2018,10/29/2018,E,1,208,3,2,1.4062,16,0,0,0,,0,0,#DIV/0!,#DIV/0!,#DIV/0!
Elizabeth,7/18/2018,10/29/2018,E,1,208,3,3,1.5392,8,26,44,1,,71,70,0.366197183,0.985915493,0.014084507
Elizabeth,7/18/2018,10/29/2018,E,1,161,4,1,1.8898,11,19,32,9,,60,51,0.316666667,0.85,0.15
Elizabeth,7/18/2018,10/29/2018,E,1,161,4,2,1.5774,10,40,24,12,,76,64,0.526315789,0.842105263,0.157894737
Elizabeth,7/18/2018,10/29/2018,E,1,161,4,3,1.0944,10,33,42,7,,82,75,0.402439024,0.914634146,0.085365854
Elizabeth,7/18/2018,10/29/2018,E,1,161,4,4,2.0032,11,26,51,11,,88,77,0.295454545,0.875,0.125
Elizabeth,7/18/2018,10/29/2018,E,1,194,14,1,0.5802,12,17,49,8,,74,66,0.22972973,0.891891892,0.108108108
Elizabeth,7/18/2018,10/29/2018,E,1,194,14,2,1.3204,12,13,49,21,,83,62,0.156626506,0.746987952,0.253012048
Elizabeth,7/18/2018,10/29/2018,E,1,194,14,3,0.6153,11,17,56,10,,83,73,0.204819277,0.879518072,0.120481928
Elizabeth,7/18/2018,10/29/2018,E,1,194,14,4,1.4674,13,19,43,9,,71,62,0.267605634,0.873239437,0.126760563
Elizabeth,7/18/2018,10/29/2018,E,1,194,14,5,1.989,14,21,37,5,,63,58,0.333333333,0.920634921,0.079365079
Elizabeth,7/20/2018,10/29/2018,E,1,327,2,1,1.8825,8,26,40,4,,70,66,0.371428571,0.942857143,0.057142857
Elizabeth,7/20/2018,10/29/2018,E,1,327,2,2,2.1252,11,26,66,11,,103,92,0.252427184,0.893203883,0.106796117
Elizabeth,7/20/2018,10/30/2018,E,6,254,3,1,1.5397,7,16,40,3,,59,56,0.271186441,0.949152542,0.050847458
Elizabeth,7/20/2018,10/30/2018,E,6,254,3,2,1.308,8,29,35,1,,65,64,0.446153846,0.984615385,0.015384615
Elizabeth,7/20/2018,10/30/2018,E,6,254,3,3,1.1578,8,20,35,3,,58,55,0.344827586,0.948275862,0.051724138
Elizabeth,7/18/2018,11/5/2018,E,2,180,3,1,2.2708,14,22,38,13,,73,60,0.301369863,0.821917808,0.178082192
Elizabeth,7/18/2018,11/5/2018,E,2,180,3,2,1.7046,12,20,24,21,,65,44,0.307692308,0.676923077,0.323076923
Elizabeth,7/18/2018,11/5/2018,E,2,180,3,3,2.0464,14,24,34,14,,72,58,0.333333333,0.805555556,0.194444444
Elizabeth,7/18/2018,11/5/2018,E,3,396,4,1,1.8008,11,35,51,7,,93,86,0.376344086,0.924731183,0.075268817
Elizabeth,7/18/2018,11/5/2018,E,3,396,4,2,1.686,9,34,49,9,,92,83,0.369565217,0.902173913,0.097826087
Elizabeth,7/18/2018,11/5/2018,E,3,396,4,3,2.1907,11,31,48,12,,91,79,0.340659341,0.868131868,0.131868132
Elizabeth,7/18/2018,11/5/2018,E,3,396,4,4,1.5069,10,18,58,9,,85,76,0.211764706,0.894117647,0.105882353
Elizabeth,7/18/2018,11/5/2018,E,5,133,3,1,1.8669,13,29,35,11,,75,64,0.386666667,0.853333333,0.146666667
Elizabeth,7/18/2018,11/5/2018,E,5,133,3,2,1.303,10,24,28,14,,66,52,0.363636364,0.787878788,0.212121212
Elizabeth,7/18/2018,11/5/2018,E,5,133,3,3,1.4136,9,22,37,8,,67,59,0.328358209,0.880597015,0.119402985
Elizabeth,7/18/2018,11/5/2018,E,2,136,12,1,1.3636,10,38,46,11,,95,84,0.4,0.884210526,0.115789474
Elizabeth,7/18/2018,11/5/2018,E,2,136,12,2,1.0921,10,16,47,6,,69,63,0.231884058,0.913043478,0.086956522
Elizabeth,7/18/2018,11/5/2018,E,2,136,12,3,1.5717,12,35,49,21,,105,84,0.333333333,0.8,0.2
Elizabeth,7/18/2018,11/5/2018,E,2,136,12,4,1.3602,10,35,61,23,,119,96,0.294117647,0.806722689,0.193277311
Elizabeth,7/18/2018,11/5/2018,E,2,136,12,5,1.3385,10,33,65,16,,114,98,0.289473684,0.859649123,0.140350877
Elizabeth,7/18/2018,11/5/2018,E,6,356,6,1,1.8621,13,4,52,16,,72,56,0.055555556,0.777777778,0.222222222
Elizabeth,7/18/2018,11/5/2018,E,6,356,6,2,2.3247,14,34,38,15,,87,72,0.390804598,0.827586207,0.172413793
Elizabeth,7/18/2018,11/5/2018,E,6,356,6,3,1.8981,16,5,21,11,,37,26,0.135135135,0.702702703,0.297297297
Elizabeth,7/18/2018,11/5/2018,E,6,356,6,4,2.4655,14,35,47,13,,95,82,0.368421053,0.863157895,0.136842105
Elizabeth,7/18/2018,11/5/2018,E,6,356,6,5,1.7479,9,24,76,3,,103,100,0.233009709,0.970873786,0.029126214
Elizabeth,7/18/2018,11/5/2018,E,6,178,9,1,1.685,13,12,74,6,,92,86,0.130434783,0.934782609,0.065217391
Elizabeth,7/18/2018,11/5/2018,E,6,178,9,2,2.3517,14,33,44,3,,80,77,0.4125,0.9625,0.0375
Elizabeth,7/18/2018,11/5/2018,E,6,178,9,3,1.4878,12,29,48,14,,91,77,0.318681319,0.846153846,0.153846154
Elizabeth,7/18/2018,11/5/2018,E,6,178,9,4,2.2084,15,32,40,10,,82,72,0.390243902,0.87804878,0.12195122
Elizabeth,7/18/2018,11/5/2018,E,6,178,9,5,1.6435,14,13,38,3,,54,51,0.240740741,0.944444444,0.055555556
Elizabeth,7/18/2018,11/5/2018,E,6,380,6,1,1.7011,10,23,30,4,,57,53,0.403508772,0.929824561,0.070175439
Elizabeth,7/18/2018,11/5/2018,E,6,380,6,2,1.7242,10,23,28,5,,56,51,0.410714286,0.910714286,0.089285714
Elizabeth,7/18/2018,11/5/2018,E,6,380,6,3,1.7984,14,24,29,10,,63,53,0.380952381,0.841269841,0.158730159
Elizabeth,7/18/2018,11/5/2018,E,6,380,6,4,2.0924,11,22,59,9,,90,81,0.244444444,0.9,0.1
Elizabeth,7/18/2018,11/5/2018,E,6,380,6,5,2.2197,13,25,54,8,,87,79,0.287356322,0.908045977,0.091954023
Elizabeth,7/18/2018,11/5/2018,E,5,382,8,1,2.0521,12,35,35,18,,88,70,0.397727273,0.795454545,0.204545455
Elizabeth,7/18/2018,11/5/2018,E,5,382,8,2,2.0088,13,23,49,6,,78,72,0.294871795,0.923076923,0.076923077
Elizabeth,7/18/2018,11/5/2018,E,5,382,8,3,1.6658,10,42,37,11,,90,79,0.466666667,0.877777778,0.122222222
Elizabeth,7/18/2018,11/5/2018,E,5,382,8,4,2.6435,14,29,34,12,,75,63,0.386666667,0.84,0.16
Elizabeth,7/18/2018,11/5/2018,E,5,382,8,5,1.6667,10,36,31,8,,75,67,0.48,0.893333333,0.106666667
Elizabeth,7/18/2018,11/5/2018,E,5,350,5,1,2.6637,13,35,34,8,,77,69,0.454545455,0.896103896,0.103896104
Elizabeth,7/18/2018,11/5/2018,E,5,350,5,2,2.0567,11,20,47,7,,74,67,0.27027027,0.905405405,0.094594595
Elizabeth,7/18/2018,11/5/2018,E,5,350,5,3,1.7781,11,29,41,8,,78,70,0.371794872,0.897435897,0.102564103
Elizabeth,7/18/2018,11/5/2018,E,5,350,5,4,1.7903,9,27,38,11,,76,65,0.355263158,0.855263158,0.144736842
Elizabeth,7/18/2018,11/5/2018,E,5,350,5,5,2.2646,12,21,37,16,,74,58,0.283783784,0.783783784,0.216216216
Elizabeth,7/18/2018,11/5/2018,E,6,331,9,1,1.8083,17,12,44,9,,65,56,0.184615385,0.861538462,0.138461538
Elizabeth,7/18/2018,11/5/2018,E,6,331,9,2,1.2024,11,12,40,6,,58,52,0.206896552,0.896551724,0.103448276
Elizabeth,7/18/2018,11/5/2018,E,6,331,9,3,2.4969,14,26,33,10,,69,59,0.376811594,0.855072464,0.144927536
Elizabeth,7/18/2018,11/5/2018,E,6,331,9,4,1.3064,11,35,50,4,,89,85,0.393258427,0.95505618,0.04494382
Elizabeth,7/18/2018,11/5/2018,E,6,331,9,5,1.411,12,24,32,8,,64,56,0.375,0.875,0.125
Elizabeth,7/18/2018,11/6/2018,E,5,349,5,1,1.4724,9,30,42,3,,75,72,0.4,0.96,0.04
Elizabeth,7/18/2018,11/6/2018,E,5,349,5,2,1.7283,9,31,43,5,,79,74,0.392405063,0.936708861,0.063291139
Elizabeth,7/18/2018,11/6/2018,E,5,349,5,3,1.8053,8,23,54,3,,80,77,0.2875,0.9625,0.0375
Elizabeth,7/18/2018,11/6/2018,E,5,349,5,4,2.1356,10,24,39,2,,65,63,0.369230769,0.969230769,0.030769231
Elizabeth,7/18/2018,11/6/2018,E,5,349,5,5,1.6163,10,27,39,8,,74,66,0.364864865,0.891891892,0.108108108
Elizabeth,7/18/2018,11/6/2018,E,4,381,5,1,1.5062,11,19,40,14,,73,59,0.260273973,0.808219178,0.191780822
Elizabeth,7/18/2018,11/6/2018,E,4,381,5,2,1.0766,10,24,41,13,,78,65,0.307692308,0.833333333,0.166666667
Elizabeth,7/18/2018,11/6/2018,E,4,381,5,3,1.4891,13,27,20,11,,58,47,0.465517241,0.810344828,0.189655172
Elizabeth,7/18/2018,11/6/2018,E,4,381,5,4,1.4496,10,24,42,15,,81,66,0.296296296,0.814814815,0.185185185
Elizabeth,7/18/2018,11/6/2018,E,4,381,5,5,1.1212,10,15,43,16,,74,58,0.202702703,0.783783784,0.216216216
Elizabeth,7/18/2018,11/6/2018,E,6,247,14,1,1.6744,11,28,43,10,,81,71,0.345679012,0.87654321,0.12345679
Elizabeth,7/18/2018,11/6/2018,E,6,247,14,2,1.5868,10,31,38,25,,94,69,0.329787234,0.734042553,0.265957447
Elizabeth,7/18/2018,11/6/2018,E,6,247,14,3,1.6447,11,20,54,19,,93,74,0.215053763,0.795698925,0.204301075
Elizabeth,7/18/2018,11/6/2018,E,6,247,14,4,1.7391,12,23,42,10,,75,65,0.306666667,0.866666667,0.133333333
Elizabeth,7/18/2018,11/6/2018,E,6,247,14,5,1.4255,9,24,54,7,,85,78,0.282352941,0.917647059,0.082352941
Elizabeth,7/18/2018,11/12/2018,E,4,234,10,1,1.1497,10,28,49,14,,91,77,0.307692308,0.846153846,0.153846154
Elizabeth,7/18/2018,11/12/2018,E,4,234,10,2,1.4018,11,33,50,8,,91,83,0.362637363,0.912087912,0.087912088
Elizabeth,7/18/2018,11/12/2018,E,4,234,10,3,1.2816,10,29,49,2,,80,78,0.3625,0.975,0.025
Elizabeth,7/18/2018,11/12/2018,E,4,234,10,4,1.4575,9,51,27,14,,92,78,0.554347826,0.847826087,0.152173913
Elizabeth,7/18/2018,11/12/2018,E,4,234,10,5,1.291,9,13,42,3,,58,55,0.224137931,0.948275862,0.051724138
Elizabeth,7/18/2018,11/12/2018,E,4,134,6,1,1.4614,12,21,53,18,,92,74,0.22826087,0.804347826,0.195652174
Elizabeth,7/18/2018,11/12/2018,E,4,134,6,2,1.7213,10,45,40,13,,98,85,0.459183673,0.867346939,0.132653061
Elizabeth,7/18/2018,11/12/2018,E,4,134,6,3,1.445,11,21,71,8,,100,92,0.21,0.92,0.08
Elizabeth,7/18/2018,11/12/2018,E,4,134,6,4,1.7479,10,43,44,6,,93,87,0.462365591,0.935483871,0.064516129
Elizabeth,7/18/2018,11/12/2018,E,4,134,6,5,1.543,11,34,69,9,,112,103,0.303571429,0.919642857,0.080357143
Elizabeth,7/18/2018,11/12/2018,E,2,193,6,1,0.9398,13,11,32,8,,51,43,0.215686275,0.843137255,0.156862745
Elizabeth,7/18/2018,11/12/2018,E,2,193,6,2,1.203,12,14,42,13,,69,56,0.202898551,0.811594203,0.188405797
Elizabeth,7/18/2018,11/12/2018,E,2,193,6,3,1.8869,13,25,44,8,,77,69,0.324675325,0.896103896,0.103896104
Elizabeth,7/18/2018,11/12/2018,E,2,193,6,4,1.1149,12,22,40,14,,76,62,0.289473684,0.815789474,0.184210526
Elizabeth,7/18/2018,11/12/2018,E,2,193,6,5,1.4026,12,31,43,12,,86,74,0.360465116,0.860465116,0.139534884
Elizabeth,7/18/2018,11/12/2018,E,5,255,4,1,1.7887,13,29,19,11,,59,48,0.491525424,0.813559322,0.186440678
Elizabeth,7/18/2018,11/12/2018,E,5,255,4,2,1.2713,11,24,28,4,,56,52,0.428571429,0.928571429,0.071428571
Elizabeth,7/18/2018,11/12/2018,E,5,255,4,3,2.0814,12,17,22,3,,42,39,0.404761905,0.928571429,0.071428571
Elizabeth,7/18/2018,11/12/2018,E,5,255,4,4,1.541,11,22,25,7,,54,47,0.407407407,0.87037037,0.12962963
Elizabeth,7/18/2018,11/12/2018,E,6,325,3,1,2.4291,12,45,32,5,,82,77,0.548780488,0.93902439,0.06097561
Elizabeth,7/18/2018,11/12/2018,E,6,325,3,2,2.0273,10,29,45,6,,80,74,0.3625,0.925,0.075
Elizabeth,7/18/2018,11/12/2018,E,6,325,3,3,2.7963,14,31,32,7,,70,63,0.442857143,0.9,0.1
Elizabeth,7/18/2018,11/12/2018,E,4,187,3,1,2.0426,14,26,22,3,,51,48,0.509803922,0.941176471,0.058823529
Elizabeth,7/18/2018,11/12/2018,E,4,187,3,2,2.2076,13,36,25,3,,64,61,0.5625,0.953125,0.046875
Elizabeth,7/18/2018,11/12/2018,E,4,187,3,3,1.5422,13,32,39,4,,75,71,0.426666667,0.946666667,0.053333333
Elizabeth,7/18/2018,11/12/2018,E,5,338,4,1,1.0761,9,10,50,10,,70,60,0.142857143,0.857142857,0.142857143
Elizabeth,7/18/2018,11/12/2018,E,5,338,4,2,1.0954,9,26,37,8,,71,63,0.366197183,0.887323944,0.112676056
Elizabeth,7/18/2018,11/12/2018,E,5,338,4,3,1.0556,9,9,56,13,,78,65,0.115384615,0.833333333,0.166666667
Elizabeth,7/18/2018,11/12/2018,E,5,338,4,4,1.0743,10,17,38,9,,64,55,0.265625,0.859375,0.140625
Elizabeth,7/18/2018,11/12/2018,E,2,289,2,1,1.1457,14,25,30,17,,72,55,0.347222222,0.763888889,0.236111111
Elizabeth,7/18/2018,11/12/2018,E,2,289,2,2,1.3933,13,28,22,6,,56,50,0.5,0.892857143,0.107142857
Elizabeth,7/18/2018,11/12/2018,E,6,334,4,1,1.5455,12,28,35,15,,78,63,0.358974359,0.807692308,0.192307692
Elizabeth,7/18/2018,11/12/2018,E,6,334,4,2,1.7429,13,32,31,14,,77,63,0.415584416,0.818181818,0.181818182
Elizabeth,7/18/2018,11/12/2018,E,6,334,4,3,1.8001,11,37,39,14,,90,76,0.411111111,0.844444444,0.155555556
Elizabeth,7/18/2018,11/12/2018,E,6,334,4,4,1.6038,11,40,18,24,,82,58,0.487804878,0.707317073,0.292682927
Elizabeth,7/18/2018,11/12/2018,E,2,285,4,1,1.4046,12,29,30,16,,75,59,0.386666667,0.786666667,0.213333333
Elizabeth,7/18/2018,11/12/2018,E,2,285,4,2,1.559,12,29,28,14,,71,57,0.408450704,0.802816901,0.197183099
Elizabeth,7/18/2018,11/12/2018,E,2,285,4,3,1.2332,10,27,28,12,,67,55,0.402985075,0.820895522,0.179104478
Elizabeth,7/18/2018,11/12/2018,E,2,285,4,4,1.351,12,31,28,15,,74,59,0.418918919,0.797297297,0.202702703
Elizabeth,7/18/2018,11/12/2018,E,3,124,1,1,0.9743,12,33,36,6,,75,69,0.44,0.92,0.08
Elizabeth,7/18/2018,11/12/2018,E,4,213,3,1,1.1682,10,31,40,9,,80,71,0.3875,0.8875,0.1125
Elizabeth,7/18/2018,11/12/2018,E,4,213,3,2,1.3507,10,28,32,11,,71,60,0.394366197,0.845070423,0.154929577
Elizabeth,7/18/2018,11/12/2018,E,4,213,3,3,1.2196,11,18,45,12,,75,63,0.24,0.84,0.16
Elizabeth,7/18/2018,11/12/2018,E,3,301,3,1,1.3091,9,32,22,9,,63,54,0.507936508,0.857142857,0.142857143
Elizabeth,7/18/2018,11/12/2018,E,3,301,3,2,1.5764,8,38,51,5,,94,89,0.404255319,0.946808511,0.053191489
Elizabeth,7/18/2018,11/12/2018,E,3,301,3,3,1.3102,11,28,33,2,,63,61,0.444444444,0.968253968,0.031746032
Elizabeth,7/18/2018,11/12/2018,E,3,216,1,1,2.5365,15,23,54,5,,82,77,0.280487805,0.93902439,0.06097561
Elizabeth,7/19/2018,11/13/2018,E,3,289,8,1,0.8418,10,31,33,2,,66,64,0.46969697,0.96969697,0.03030303
Elizabeth,7/19/2018,11/13/2018,E,3,289,8,2,0.884,10,33,30,6,,69,63,0.47826087,0.913043478,0.086956522
Elizabeth,7/19/2018,11/13/2018,E,3,289,8,3,1.0434,10,21,27,13,,61,48,0.344262295,0.786885246,0.213114754
Elizabeth,7/19/2018,11/13/2018,E,3,289,8,4,1.0012,12,29,38,6,,73,67,0.397260274,0.917808219,0.082191781
Elizabeth,7/19/2018,11/13/2018,E,3,289,8,5,1.422,13,15,59,5,,79,74,0.189873418,0.936708861,0.063291139
Elizabeth,7/19/2018,11/13/2018,E,1,246,4,1,1.4183,9,25,55,5,,85,80,0.294117647,0.941176471,0.058823529
Elizabeth,7/19/2018,11/13/2018,E,1,246,4,2,1.4522,10,15,71,14,,100,86,0.15,0.86,0.14
Elizabeth,7/19/2018,11/13/2018,E,1,246,4,3,1.6146,10,30,60,9,,99,90,0.303030303,0.909090909,0.090909091
Elizabeth,7/19/2018,11/13/2018,E,1,246,4,4,0.7042,11,0,80,12,,92,80,0,0.869565217,0.130434783
Elizabeth,7/19/2018,11/13/2018,E,2,121,1,1,1.4151,12,24,65,7,,96,89,0.25,0.927083333,0.072916667
Elizabeth,7/19/2018,11/13/2018,E,3,285,4,1,1.1142,10,39,22,12,,73,61,0.534246575,0.835616438,0.164383562
Elizabeth,7/19/2018,11/13/2018,E,3,285,4,2,1.7064,13,22,46,7,,75,68,0.293333333,0.906666667,0.093333333
Elizabeth,7/19/2018,11/13/2018,E,3,285,4,3,1.0742,10,33,19,7,,59,52,0.559322034,0.881355932,0.118644068
Elizabeth,7/19/2018,11/13/2018,E,3,285,4,4,2.2549,14,18,47,5,,70,65,0.257142857,0.928571429,0.071428571
Elizabeth,7/19/2018,11/13/2018,E,1,208,1,1,1.3287,8,21,42,13,,76,63,0.276315789,0.828947368,0.171052632
Elizabeth,7/19/2018,11/13/2018,E,3,193,4,1,0.9874,10,24,32,9,,65,56,0.369230769,0.861538462,0.138461538
Elizabeth,7/19/2018,11/13/2018,E,3,193,4,2,1.0915,11,33,43,12,,88,76,0.375,0.863636364,0.136363636
Elizabeth,7/19/2018,11/13/2018,E,3,193,4,3,0.9176,10,27,37,6,,70,64,0.385714286,0.914285714,0.085714286
Elizabeth,7/19/2018,11/13/2018,E,3,193,4,4,1.0087,12,17,47,4,,68,64,0.25,0.941176471,0.058823529
Elizabeth,7/19/2018,11/13/2018,E,2,137,1,1,2.1736,13,25,41,13,,79,66,0.316455696,0.835443038,0.164556962
Elizabeth,7/19/2018,11/13/2018,E,2,209,3,1,0.739,9,23,19,10,,52,42,0.442307692,0.807692308,0.192307692
Elizabeth,7/19/2018,11/13/2018,E,2,209,3,2,0.7753,9,22,31,5,,58,53,0.379310345,0.913793103,0.086206897
Elizabeth,7/19/2018,11/13/2018,E,2,209,3,3,0.8811,9,17,32,2,,51,49,0.333333333,0.960784314,0.039215686
Elizabeth,7/19/2018,11/13/2018,E,2,188,2,1,1.2766,11,25,25,7,,57,50,0.438596491,0.877192982,0.122807018
Elizabeth,7/19/2018,11/13/2018,E,2,188,2,2,1.2126,12,25,32,9,,66,57,0.378787879,0.863636364,0.136363636
Elizabeth,7/19/2018,11/13/2018,E,3,396,7,1,1.641,9,31,52,5,,88,83,0.352272727,0.943181818,0.056818182
Elizabeth,7/19/2018,11/13/2018,E,3,396,7,2,1.5065,8,30,56,1,,87,86,0.344827586,0.988505747,0.011494253
Elizabeth,7/19/2018,11/13/2018,E,3,396,7,3,1.7006,9,19,35,7,,61,54,0.31147541,0.885245902,0.114754098
Elizabeth,7/19/2018,11/13/2018,E,3,396,7,4,1.5049,9,30,50,6,,86,80,0.348837209,0.930232558,0.069767442
Elizabeth,7/19/2018,11/13/2018,E,3,396,7,5,1.5011,9,35,42,5,,82,77,0.426829268,0.93902439,0.06097561
Elizabeth,7/19/2018,11/26/2018,E,3,301,6,1,0.8136,16,29,25,5,,59,54,0.491525424,0.915254237,0.084745763
Elizabeth,7/19/2018,11/26/2018,E,3,301,6,2,1.3573,11,28,27,8,,63,55,0.444444444,0.873015873,0.126984127
Elizabeth,7/19/2018,11/26/2018,E,3,301,6,3,1.2851,10,36,20,5,,61,56,0.590163934,0.918032787,0.081967213
Elizabeth,7/19/2018,11/26/2018,E,3,301,6,4,1.719,12,19,32,3,,54,51,0.351851852,0.944444444,0.055555556
Elizabeth,7/19/2018,11/26/2018,E,3,301,6,5,1.5341,11,20,25,4,,49,45,0.408163265,0.918367347,0.081632653
Elizabeth,7/19/2018,11/26/2018,E,3,304,3,1,1.583,11,22,56,17,,95,78,0.231578947,0.821052632,0.178947368
Elizabeth,7/19/2018,11/26/2018,E,3,304,3,2,1.7602,10,17,57,25,,99,74,0.171717172,0.747474747,0.252525253
Elizabeth,7/19/2018,11/26/2018,E,3,304,3,3,1.7377,9,9,71,17,,97,80,0.092783505,0.824742268,0.175257732
Elizabeth,7/19/2018,11/26/2018,E,3,124,2,1,1.0833,11,38,44,3,,85,82,0.447058824,0.964705882,0.035294118
Elizabeth,7/19/2018,11/26/2018,E,3,124,2,2,1.533,13,41,60,14,,115,101,0.356521739,0.87826087,0.12173913
Elizabeth,7/19/2018,11/26/2018,E,1,125,1,1,1.9175,13,36,23,1,,60,59,0.6,0.983333333,0.016666667
Elizabeth,7/19/2018,11/26/2018,E,3,138,3,1,1.7085,12,6,71,3,,80,77,0.075,0.9625,0.0375
Elizabeth,7/19/2018,11/26/2018,E,3,138,3,2,1.8725,10,6,36,5,,47,42,0.127659574,0.893617021,0.106382979
Elizabeth,7/19/2018,11/26/2018,E,3,138,3,3,1.4487,14,6,55,17,,78,61,0.076923077,0.782051282,0.217948718
Elizabeth,7/19/2018,11/26/2018,E,2,214,1,1,1.1079,11,17,29,14,,60,46,0.283333333,0.766666667,0.233333333
Elizabeth,7/19/2018,11/26/2018,E,2,180,1,1,1.1294,24,29,36,6,,71,65,0.408450704,0.915492958,0.084507042
Elizabeth,7/24/2018,11/26/2018,E,1,327,5,1,2.0258,9,38,50,10,,98,88,0.387755102,0.897959184,0.102040816
Elizabeth,7/24/2018,11/26/2018,E,1,327,5,2,1.6438,10,16,68,3,,87,84,0.183908046,0.965517241,0.034482759
Elizabeth,7/24/2018,11/26/2018,E,1,327,5,3,1.7279,8,25,55,4,,84,80,0.297619048,0.952380952,0.047619048
Elizabeth,7/24/2018,11/26/2018,E,1,327,5,4,1.8773,9,22,77,7,,106,99,0.20754717,0.933962264,0.066037736
Elizabeth,7/24/2018,11/26/2018,E,1,327,5,5,1.852,9,13,66,5,,84,79,0.154761905,0.94047619,0.05952381
Elizabeth,7/24/2018,11/26/2018,E,2,182,3,1,1.8796,10,20,67,1,,88,87,0.227272727,0.988636364,0.011363636
Elizabeth,7/24/2018,11/26/2018,E,2,182,3,2,1.5657,9,33,32,14,,79,65,0.417721519,0.82278481,0.17721519
Elizabeth,7/24/2018,11/26/2018,E,2,182,3,3,1.7297,11,34,28,11,,73,62,0.465753425,0.849315068,0.150684932
Elizabeth,7/24/2018,11/26/2018,E,1,214,1,1,1.4689,9,6,37,21,,64,43,0.09375,0.671875,0.328125
Elizabeth,7/17/2018,12/4/2018,E,2,346,21,1,1.5409,13,30,37,6,,73,67,0.410958904,0.917808219,0.082191781
Elizabeth,7/17/2018,12/4/2018,E,2,346,21,2,1.3437,11,23,33,13,,69,56,0.333333333,0.811594203,0.188405797
Elizabeth,7/17/2018,12/4/2018,E,2,346,21,3,1.8668,13,35,42,11,,88,77,0.397727273,0.875,0.125
Elizabeth,7/17/2018,12/4/2018,E,2,346,21,4,1.4538,11,26,32,8,,66,58,0.393939394,0.878787879,0.121212121
Elizabeth,7/17/2018,12/4/2018,E,2,346,21,5,1.7818,12,36,35,10,,81,71,0.444444444,0.87654321,0.12345679
Elizabeth,7/17/2018,12/4/2018,E,6,329,19,1,0.9846,9,30,30,7,,67,60,0.447761194,0.895522388,0.104477612
Elizabeth,7/17/2018,12/4/2018,E,6,329,19,2,1.0986,11,29,27,3,,59,56,0.491525424,0.949152542,0.050847458
Elizabeth,7/17/2018,12/4/2018,E,6,329,19,3,1.4846,10,40,23,7,,70,63,0.571428571,0.9,0.1
Elizabeth,7/17/2018,12/4/2018,E,6,329,19,4,1.6614,12,37,21,1,,59,58,0.627118644,0.983050847,0.016949153
Elizabeth,7/17/2018,12/4/2018,E,6,329,19,5,1.147,8,25,46,6,,77,71,0.324675325,0.922077922,0.077922078
Elizabeth,7/17/2018,12/4/2018,E,1,208,7,1,1.9021,11,25,29,5,,59,54,0.423728814,0.915254237,0.084745763
Elizabeth,7/17/2018,12/4/2018,E,1,208,7,2,1.5825,12,23,38,6,,67,61,0.343283582,0.910447761,0.089552239
Elizabeth,7/17/2018,12/4/2018,E,1,208,7,3,2.014,10,29,33,4,,66,62,0.439393939,0.939393939,0.060606061
Elizabeth,7/17/2018,12/4/2018,E,1,208,7,4,1.983,11,29,28,10,,67,57,0.432835821,0.850746269,0.149253731
Elizabeth,7/17/2018,12/4/2018,E,1,208,7,5,2.2113,10,34,32,9,,75,66,0.453333333,0.88,0.12
Elizabeth,7/17/2018,12/4/2018,E,1,337,7,1,1.7521,14,27,39,4,,70,66,0.385714286,0.942857143,0.057142857
Elizabeth,7/17/2018,12/4/2018,E,1,337,7,2,1.5078,10,36,11,5,,52,47,0.692307692,0.903846154,0.096153846
Elizabeth,7/17/2018,12/4/2018,E,1,337,7,3,1.7428,11,28,24,4,,56,52,0.5,0.928571429,0.071428571
Elizabeth,7/17/2018,12/4/2018,E,1,337,7,4,1.5778,9,27,23,4,,54,50,0.5,0.925925926,0.074074074
Elizabeth,7/17/2018,12/4/2018,E,1,337,7,5,1.3696,10,19,37,3,,59,56,0.322033898,0.949152542,0.050847458
Elizabeth,7/17/2018,12/4/2018,E,5,338,14,1,2.5894,14,24,34,9,,67,58,0.358208955,0.865671642,0.134328358
Elizabeth,7/17/2018,12/4/2018,E,5,338,14,2,1.7341,13,17,45,8,,70,62,0.242857143,0.885714286,0.114285714
Elizabeth,7/17/2018,12/4/2018,E,5,338,14,3,1.4537,11,19,28,4,,51,47,0.37254902,0.921568627,0.078431373
Elizabeth,7/17/2018,12/4/2018,E,5,338,14,4,0.9812,10,24,31,3,,58,55,0.413793103,0.948275862,0.051724138
Elizabeth,7/17/2018,12/4/2018,E,5,338,14,5,1.3217,14,23,29,7,,59,52,0.389830508,0.881355932,0.118644068
Erin/Meg,7/17/2018,4/2/2019,E,3,124,8,1,0.9939,17,36,60,7,,103,96,0.349514563,0.932038835,0.067961165
Erin/Meg,7/17/2018,4/2/2019,E,3,124,8,2,1.9546,22,44,51,8,,103,95,0.427184466,0.922330097,0.077669903
Erin/Meg,7/17/2018,4/2/2019,E,3,124,8,3,1.1179,16,45,60,9,,114,105,0.394736842,0.921052632,0.078947368
Erin/Meg,7/17/2018,4/2/2019,E,3,124,8,4,1.5098,21,47,54,11,,112,101,0.419642857,0.901785714,0.098214286
Erin/Meg,7/17/2018,4/2/2019,E,3,124,8,5,1.3531,14,50,41,14,,105,91,0.476190476,0.866666667,0.133333333
Erin/Meg,7/17/2018,4/2/2019,E,5,328,11,1,2.2815,15,50,7,12,,69,57,0.724637681,0.826086957,0.173913043
Erin/Meg,7/17/2018,4/2/2019,E,5,328,11,2,1.9652,17,20,71,10,,101,91,0.198019802,0.900990099,0.099009901
Erin/Meg,7/17/2018,4/2/2019,E,5,328,11,3,1.9126,16,38,20,13,,71,58,0.535211268,0.816901408,0.183098592
Erin/Meg,7/17/2018,4/2/2019,E,5,328,11,4,1.9259,16,44,30,14,,88,74,0.5,0.840909091,0.159090909
Erin/Meg,7/17/2018,4/2/2019,E,5,328,11,5,1.5808,19,32,37,8,,77,69,0.415584416,0.896103896,0.103896104
Erin/Meg,7/17/2018,4/9/2019,E,2,266,9,1,2.1708,17,38,16,9,,63,54,0.603174603,0.857142857,0.142857143
Erin/Meg,7/17/2018,4/9/2019,E,2,266,9,2,1.9033,20,35,30,4,,69,65,0.507246377,0.942028986,0.057971014
Erin/Meg,7/17/2018,4/9/2019,E,2,266,9,3,1.5171,21,34,28,8,,70,62,0.485714286,0.885714286,0.114285714
Erin/Meg,7/17/2018,4/9/2019,E,2,266,9,4,1.5746,18,41,24,0,,65,65,0.630769231,1,0
Erin/Meg,7/17/2018,4/9/2019,E,2,266,9,5,2.0512,21,37,18,8,,63,55,0.587301587,0.873015873,0.126984127
Erin/Meg,7/17/2018,4/9/2019,E,1,161,8,1,1.706,15,37,33,17,,87,70,0.425287356,0.804597701,0.195402299
Erin/Meg,7/17/2018,4/9/2019,E,1,161,8,2,2.0302,16,46,38,9,,93,84,0.494623656,0.903225806,0.096774194
Erin/Meg,7/17/2018,4/9/2019,E,1,161,8,3,1.8653,15,42,33,14,,89,75,0.471910112,0.842696629,0.157303371
Erin/Meg,7/17/2018,4/9/2019,E,1,161,8,4,2.1948,17,35,34,4,,73,69,0.479452055,0.945205479,0.054794521
Erin/Meg,7/17/2018,4/9/2019,E,1,161,8,5,1.761,12,36,37,15,,88,73,0.409090909,0.829545455,0.170454545
Erin/Ryan,7/17/2018,3/20/2018,E,1,278,2,2,1.5081,16,23,25,15,,63,48,0.365079365,0.761904762,0.238095238
Erin/Ryan,7/17/2018,4/3/2019,E,6,201,14,1,1.5032,14,24,43,16,,83,67,0.289156627,0.807228916,0.192771084
Erin/Ryan,7/17/2018,4/3/2019,E,6,201,14,2,2.6611,17,34,15,24,,73,49,0.465753425,0.671232877,0.328767123
Erin/Ryan,7/17/2018,4/3/2019,E,6,201,14,3,1.6689,11,15,65,16,,96,80,0.15625,0.833333333,0.166666667
Erin/Ryan,7/17/2018,4/3/2019,E,6,201,14,4,1.4605,11,49,28,18,,95,77,0.515789474,0.810526316,0.189473684
Erin/Ryan,7/17/2018,4/3/2019,E,6,201,14,5,1.7657,17,38,34,14,,86,72,0.441860465,0.837209302,0.162790698
Erin/Ryan,7/17/2019,4/10/2019,E,1,248,4,1,1.4616,14,13,67,4,"200+ brown, shriveled, soft, granuels",84,80,0.154761905,0.952380952,0.047619048
Erin/Ryan,7/17/2019,4/10/2019,E,1,248,4,2,2.5088,16,22,40,10,Smaller granuels,72,62,0.305555556,0.861111111,0.138888889
Erin/Ryan,7/17/2019,4/10/2019,E,1,248,4,3,1.8408,16,31,44,3,Granuels,78,75,0.397435897,0.961538462,0.038461538
Erin/Ryan,7/17/2019,4/10/2019,E,1,248,4,4,1.7209,10,34,28,11,Granuels,73,62,0.465753425,0.849315068,0.150684932
Laney,7/17/2018,4/1/2019,E,2,136,6,1,1.5066,14,66,25,13,,104,91,0.634615385,0.875,0.125
Laney,7/17/2018,4/1/2019,E,2,136,6,2,1.7283,19,55,43,13,,111,98,0.495495495,0.882882883,0.117117117
Laney,7/17/2018,4/1/2019,E,2,136,6,3,1.2417,17,47,18,9,,74,65,0.635135135,0.878378378,0.121621622
Laney,7/17/2018,4/1/2019,E,2,136,6,4,1.578,12,45,69,39,,153,114,0.294117647,0.745098039,0.254901961
Laney,7/17/2018,4/1/2019,E,2,136,6,5,1.0934,17,35,57,20,,112,92,0.3125,0.821428571,0.178571429
Laney,7/17/2018,4/15/2019,E,1,327,3,1,1.9893,15,56,21,6,,83,77,0.674698795,0.927710843,0.072289157
Laney,7/17/2018,4/15/2019,E,1,327,3,2,1.8941,15,47,38,9,,94,85,0.5,0.904255319,0.095744681
Laney,7/17/2018,4/15/2019,E,1,327,3,3,1.4448,13,55,22,10,,87,77,0.632183908,0.885057471,0.114942529
Laney,7/17/2018,4/15/2019,E,3,301,2,1,1.8355,18,34,32,7,,73,66,0.465753425,0.904109589,0.095890411
Laney,7/17/2018,4/15/2019,E,3,301,2,2,1.8121,15,63,40,8,,111,103,0.567567568,0.927927928,0.072072072
Laney/Ryan,7/17/2018,4/4/2019,E,3,289,7,1,1.2504,13,58,24,10,,92,82,0.630434783,0.891304348,0.108695652
Laney/Ryan,7/17/2018,4/4/2019,E,3,289,7,2,1.506,12,56,19,12,,87,75,0.643678161,0.862068966,0.137931034
Laney/Ryan,7/17/2018,4/4/2019,E,3,289,7,3,1.2498,18,55,16,13,,84,71,0.654761905,0.845238095,0.154761905
Laney/Ryan,7/17/2018,4/4/2019,E,3,289,7,4,1.3507,20,46,35,11,,92,81,0.5,0.880434783,0.119565217
Laney/Ryan,7/17/2018,4/4/2019,E,3,289,7,5,1.0741,16,36,41,6,,83,77,0.43373494,0.927710843,0.072289157
Laney/Ryan,7/17/2018,4/4/2019,E,2,188,6,1,1.7982,17,39,32,18,,89,71,0.438202247,0.797752809,0.202247191
Laney/Ryan,7/17/2018,4/4/2019,E,2,188,6,2,1.6001,15,50,8,27,,85,58,0.588235294,0.682352941,0.317647059
Laney/Ryan,7/17/2018,4/4/2019,E,2,188,6,3,2.0411,17,52,17,15,,84,69,0.619047619,0.821428571,0.178571429
Laney/Ryan,7/17/2018,4/4/2019,E,2,188,6,4,1.3983,16,52,15,14,,81,67,0.641975309,0.827160494,0.172839506
Laney/Ryan,7/17/2018,4/4/2019,E,2,188,6,5,1.6302,17,56,15,12,,83,71,0.674698795,0.855421687,0.144578313
Laney/Ryan,7/17/2018,4/11/2019,E,1,125,6,1,1.9167,16,44,40,8,,92,84,0.47826087,0.913043478,0.086956522
Laney/Ryan,7/17/2018,4/11/2019,E,1,125,6,2,1.6466,16,42,28,9,,79,70,0.53164557,0.886075949,0.113924051
Laney/Ryan,7/17/2018,4/11/2019,E,1,125,6,3,2.5618,20,39,26,22,,87,65,0.448275862,0.747126437,0.252873563
Laney/Ryan,7/17/2018,4/11/2019,E,1,125,6,4,2.7859,23,49,25,11,,85,74,0.576470588,0.870588235,0.129411765
Laney/Ryan,7/17/2018,4/11/2019,E,1,125,6,5,2.4385,19,46,15,11,,72,61,0.638888889,0.847222222,0.152777778
Laney/Ryan,7/17/2018,4/11/2019,E,2,333,12,1,1.7114,18,67,31,16,,114,98,0.587719298,0.859649123,0.140350877
Laney/Ryan,7/17/2018,4/11/2019,E,2,333,12,2,1.6384,19,55,21,17,,93,76,0.591397849,0.817204301,0.182795699
Laney/Ryan,7/17/2018,4/11/2019,E,2,333,12,3,1.6346,18,52,38,21,,111,90,0.468468468,0.810810811,0.189189189
Laney/Ryan,7/17/2018,4/11/2019,E,2,333,12,4,1.7664,17,64,23,18,,105,87,0.60952381,0.828571429,0.171428571
Laney/Ryan,7/17/2018,4/11/2019,E,2,333,12,5,1.735,18,67,30,19,,116,97,0.577586207,0.836206897,0.163793103
Meg,7/17/2018,4/11/2019,E,1,348,8,1,1.4578,21,46,15,20,,81,61,0.567901235,0.75308642,0.24691358
Meg,7/17/2018,4/11/2019,E,1,348,8,2,1.0568,22,41,28,14,,83,69,0.493975904,0.831325301,0.168674699
Meg,7/17/2018,4/11/2019,E,1,348,8,3,1.1963,18,30,43,19,,92,73,0.326086957,0.793478261,0.206521739
Meg,7/17/2018,4/11/2019,E,1,348,8,4,1.2694,15,40,27,21,174ish,88,67,0.454545455,0.761363636,0.238636364
Meg,7/17/2018,4/11/2019,E,1,348,8,5,1.5385,17,36,27,16,,79,63,0.455696203,0.797468354,0.202531646
Meg/Erin,7/17/2018,4/16/2019,E,2,121,9,1,2.1407,18,36,43,11,,90,79,0.4,0.877777778,0.122222222
Meg/Erin,7/17/2018,4/16/2019,E,2,121,9,2,2.4535,21,42,34,6,,82,76,0.512195122,0.926829268,0.073170732
Meg/Erin,7/17/2018,4/16/2019,E,2,121,9,3,1.7494,17,33,56,9,,98,89,0.336734694,0.908163265,0.091836735
Meg/Erin,7/17/2018,4/16/2019,E,2,121,9,4,1.0377,16,37,44,10,,91,81,0.406593407,0.89010989,0.10989011
Meg/Erin,7/17/2018,4/16/2019,E,2,121,9,5,2.1807,20,51,38,6,,95,89,0.536842105,0.936842105,0.063157895
Meg/Erin,7/17/2018,4/16/2019,E,5,195,4,1,1.8579,12,42,19,10,,71,61,0.591549296,0.85915493,0.14084507
Meg/Erin,7/17/2018,4/16/2019,E,5,195,4,2,0.7481,30,35,20,7,,62,55,0.564516129,0.887096774,0.112903226
Meg/Erin,7/17/2018,4/16/2019,E,5,195,4,3,1.4413,18,44,12,5,,61,56,0.721311475,0.918032787,0.081967213
Meg/Erin,7/17/2018,4/16/2019,E,5,195,4,4,2.8715,14,44,15,5,,64,59,0.6875,0.921875,0.078125
Meg/Erin,7/17/2018,4/16/2019,E,3,304,2,1,2.2991,13,44,39,13,,96,83,0.458333333,0.864583333,0.135416667
Meg/Erin,7/17/2018,4/16/2019,E,3,304,2,2,2.6818,15,30,38,14,,82,68,0.365853659,0.829268293,0.170731707
Ryan,7/17/2019,3/7/2019,E,2,395,3,1,2.1153,13,60,36,13,,109,96,0.550458716,0.880733945,0.119266055
Ryan,7/17/2019,3/7/2019,E,2,395,3,2,1.5556,9,43,21,20,,84,64,0.511904762,0.761904762,0.238095238
Ryan,7/17/2019,3/7/2019,E,2,395,3,3,1.3685,12,30,32,13,,75,62,0.4,0.826666667,0.173333333
Ryan,7/17/2018,3/20/2018,E,1,278,2,1,1.8764,14,15,34,17,,66,49,0.227272727,0.742424242,0.257575758
Ryan,7/17/2018,4/3/2019,E,1,214,3,1,1.8858,16,52,19,17,,88,71,0.590909091,0.806818182,0.193181818
Ryan,7/17/2018,4/3/2019,E,1,214,3,2,1.2998,12,32,47,13,,92,79,0.347826087,0.858695652,0.141304348
Ryan,7/17/2018,4/3/2019,E,1,214,3,3,1.8309,13,53,17,11,,81,70,0.654320988,0.864197531,0.135802469
Ryan,7/17/2019,4/10/2019,E,3,264,10,1,1.7398,19,48,10,16,,74,58,0.648648649,0.783783784,0.216216216
Ryan,7/17/2019,4/10/2019,E,3,264,10,2,1.8682,18,48,10,14,,72,58,0.666666667,0.805555556,0.194444444
Ryan,7/17/2019,4/10/2019,E,3,264,10,3,1.9235,19,31,24,12,,67,55,0.462686567,0.820895522,0.179104478
Ryan,7/17/2019,4/10/2019,E,3,264,10,4,1.5712,15,34,28,12,,74,62,0.459459459,0.837837838,0.162162162
Ryan,7/17/2019,4/10/2019,E,3,264,10,5,1.8463,21,34,29,8,,71,63,0.478873239,0.887323944,0.112676056
